algo,dist,n,rep,time_ns,swaps
QS,sorted,1024,0,21099,7190
QS,sorted,1024,1,19650,7861
QS,sorted,1024,2,19173,7454
QS,sorted,1024,3,18731,6211
QS,sorted,1024,4,18646,7391
QS,sorted,2048,0,42000,15140
QS,sorted,2048,1,38466,14519
QS,sorted,2048,2,39329,13802
QS,sorted,2048,3,37052,14553
QS,sorted,2048,4,36549,14358
QS,sorted,4096,0,80478,31278
QS,sorted,4096,1,75711,34614
QS,sorted,4096,2,74035,33754
QS,sorted,4096,3,74356,32944
QS,sorted,4096,4,73746,32143
QS,sorted,8192,0,257205,68643
QS,sorted,8192,1,158807,79313
QS,sorted,8192,2,153590,71389
QS,sorted,8192,3,166692,71067
QS,sorted,8192,4,156269,78813
QS,sorted,16384,0,494927,148939
QS,sorted,16384,1,472797,158041
QS,sorted,16384,2,312583,148934
QS,sorted,16384,3,325690,167528
QS,sorted,16384,4,321884,168351
QS,sorted,32768,0,700915,335957
QS,sorted,32768,1,660214,341033
QS,sorted,32768,2,655132,351360
QS,sorted,32768,3,648022,345867
QS,sorted,32768,4,656361,334194
QS,sorted,65536,0,1451679,718834
QS,sorted,65536,1,1460229,733178
QS,sorted,65536,2,1380300,793664
QS,sorted,65536,3,1519266,763489
QS,sorted,65536,4,1382459,684349
QS,sorted,131072,0,2797049,1570303
QS,sorted,131072,1,2730722,1522293
QS,sorted,131072,2,3844014,1674469
QS,sorted,131072,3,2815994,1503652
QS,sorted,131072,4,2732526,1496970
QS,sorted,262144,0,5594477,3093908
QS,sorted,262144,1,6569709,3379435
QS,sorted,262144,2,5890030,3100500
QS,sorted,262144,3,5681440,3301947
QS,sorted,262144,4,5796782,3240314
QS,sorted,524288,0,12087853,7287978
QS,sorted,524288,1,11642032,6665069
QS,sorted,524288,2,12143373,6945180
QS,sorted,524288,3,13163521,7664202
QS,sorted,524288,4,13241701,7979106
QS,sorted,1048576,0,24591512,14431410
QS,sorted,1048576,1,24432387,14529051
QS,sorted,1048576,2,24906644,13781235
QS,sorted,1048576,3,24587269,13959627
QS,sorted,1048576,4,24777054,15525122
QS,almost_sorted,1024,0,25667,6766
QS,almost_sorted,1024,1,24995,6718
QS,almost_sorted,1024,2,24147,6795
QS,almost_sorted,1024,3,24746,7161
QS,almost_sorted,1024,4,25121,7448
QS,almost_sorted,2048,0,62495,14430
QS,almost_sorted,2048,1,52852,14818
QS,almost_sorted,2048,2,55758,13878
QS,almost_sorted,2048,3,50471,15552
QS,almost_sorted,2048,4,50413,15298
QS,almost_sorted,4096,0,115239,31588
QS,almost_sorted,4096,1,106115,31663
QS,almost_sorted,4096,2,114179,41730
QS,almost_sorted,4096,3,102971,33745
QS,almost_sorted,4096,4,102831,30842
QS,almost_sorted,8192,0,238112,85688
QS,almost_sorted,8192,1,275971,73752
QS,almost_sorted,8192,2,213737,77330
QS,almost_sorted,8192,3,209207,64257
QS,almost_sorted,8192,4,223030,67474
QS,almost_sorted,16384,0,445628,147649
QS,almost_sorted,16384,1,451757,170604
QS,almost_sorted,16384,2,455571,160421
QS,almost_sorted,16384,3,435346,142863
QS,almost_sorted,16384,4,448874,175259
QS,almost_sorted,32768,0,951585,318011
QS,almost_sorted,32768,1,957977,335444
QS,almost_sorted,32768,2,919854,317448
QS,almost_sorted,32768,3,939203,365087
QS,almost_sorted,32768,4,920696,336822
QS,almost_sorted,65536,0,1932914,702614
QS,almost_sorted,65536,1,2185457,686607
QS,almost_sorted,65536,2,2006890,770846
QS,almost_sorted,65536,3,1926349,716257
QS,almost_sorted,65536,4,1927510,734292
QS,almost_sorted,131072,0,3983566,1421143
QS,almost_sorted,131072,1,4502753,1558532
QS,almost_sorted,131072,2,4067767,1620070
QS,almost_sorted,131072,3,4007786,1435549
QS,almost_sorted,131072,4,3927340,1523979
QS,almost_sorted,262144,0,8827859,3376672
QS,almost_sorted,262144,1,8243217,3026090
QS,almost_sorted,262144,2,8401675,3161370
QS,almost_sorted,262144,3,8433650,3647523
QS,almost_sorted,262144,4,8337184,3424316
QS,almost_sorted,524288,0,17528149,6830420
QS,almost_sorted,524288,1,17428684,6599768
QS,almost_sorted,524288,2,16935836,6582579
QS,almost_sorted,524288,3,17547758,6759674
QS,almost_sorted,524288,4,18455898,6909168
QS,almost_sorted,1048576,0,36110598,13713157
QS,almost_sorted,1048576,1,38186233,15006511
QS,almost_sorted,1048576,2,37607170,13727758
QS,almost_sorted,1048576,3,36367415,14737476
QS,almost_sorted,1048576,4,37508077,15700937
QS,uniform,1024,0,39894,7889
QS,uniform,1024,1,37030,7309
QS,uniform,1024,2,37030,6598
QS,uniform,1024,3,36742,7499
QS,uniform,1024,4,38235,7203
QS,uniform,2048,0,85997,14558
QS,uniform,2048,1,82604,17470
QS,uniform,2048,2,83303,13808
QS,uniform,2048,3,80963,13924
QS,uniform,2048,4,79554,15465
QS,uniform,4096,0,192302,34453
QS,uniform,4096,1,173756,32805
QS,uniform,4096,2,168959,37013
QS,uniform,4096,3,170051,35478
QS,uniform,4096,4,171294,32075
QS,uniform,8192,0,389984,70231
QS,uniform,8192,1,369246,73532
QS,uniform,8192,2,368915,86551
QS,uniform,8192,3,362883,76615
QS,uniform,8192,4,357405,77707
QS,uniform,16384,0,795480,146893
QS,uniform,16384,1,787644,163364
QS,uniform,16384,2,813203,167209
QS,uniform,16384,3,825611,157836
QS,uniform,16384,4,769891,156419
QS,uniform,32768,0,1681211,309658
QS,uniform,32768,1,1653519,318516
QS,uniform,32768,2,1613241,368849
QS,uniform,32768,3,1695297,322115
QS,uniform,32768,4,1633703,318722
QS,uniform,65536,0,3675216,746628
QS,uniform,65536,1,3613206,751024
QS,uniform,65536,2,4856086,709299
QS,uniform,65536,3,4808547,710572
QS,uniform,65536,4,4012588,699180
QS,uniform,131072,0,7394759,1611034
QS,uniform,131072,1,7587255,1498870
QS,uniform,131072,2,7325390,1565655
QS,uniform,131072,3,7348835,1536244
QS,uniform,131072,4,7286447,1568769
QS,uniform,262144,0,15803780,3309306
QS,uniform,262144,1,16208061,3104361
QS,uniform,262144,2,17338064,3431031
QS,uniform,262144,3,16032503,3335272
QS,uniform,262144,4,15996266,2923320
QS,uniform,524288,0,33309584,6762493
QS,uniform,524288,1,32889614,7115703
QS,uniform,524288,2,32354101,7597059
QS,uniform,524288,3,34174206,6944413
QS,uniform,524288,4,34865950,7082875
QS,uniform,1048576,0,70628000,15006899
QS,uniform,1048576,1,71703261,16195318
QS,uniform,1048576,2,69184642,13322856
QS,uniform,1048576,3,67945217,14163952
QS,uniform,1048576,4,64492815,14318536
QS,normal,1024,0,41723,6480
QS,normal,1024,1,39924,6581
QS,normal,1024,2,37885,6840
QS,normal,1024,3,36974,6337
QS,normal,1024,4,37939,7415
QS,normal,2048,0,84864,13099
QS,normal,2048,1,79492,14450
QS,normal,2048,2,80414,14478
QS,normal,2048,3,85221,13828
QS,normal,2048,4,79213,14714
QS,normal,4096,0,170051,32642
QS,normal,4096,1,165825,34933
QS,normal,4096,2,168144,33163
QS,normal,4096,3,168868,30706
QS,normal,4096,4,175711,32211
QS,normal,8192,0,360626,64925
QS,normal,8192,1,350772,72833
QS,normal,8192,2,349664,73403
QS,normal,8192,3,351278,79000
QS,normal,8192,4,351190,65940
QS,normal,16384,0,776597,142867
QS,normal,16384,1,781935,138423
QS,normal,16384,2,735206,151127
QS,normal,16384,3,851858,148695
QS,normal,16384,4,762104,153079
QS,normal,32768,0,1466610,315784
QS,normal,32768,1,1495425,309775
QS,normal,32768,2,1506687,337173
QS,normal,32768,3,1483591,335395
QS,normal,32768,4,1534259,314284
QS,normal,65536,0,3130944,575334
QS,normal,65536,1,3240227,605626
QS,normal,65536,2,3285525,613585
QS,normal,65536,3,3460448,599403
QS,normal,65536,4,3158636,608772
QS,normal,131072,0,6938292,1241483
QS,normal,131072,1,6729986,1247634
QS,normal,131072,2,6770058,1204658
QS,normal,131072,3,6804979,1210745
QS,normal,131072,4,7844386,1290440
QS,normal,262144,0,15752903,2423504
QS,normal,262144,1,15557920,2536393
QS,normal,262144,2,15994977,2416991
QS,normal,262144,3,15551327,2588068
QS,normal,262144,4,16160682,2506680
QS,normal,524288,0,37722144,4923125
QS,normal,524288,1,37221174,5815652
QS,normal,524288,2,36981277,5251883
QS,normal,524288,3,37229459,5024865
QS,normal,524288,4,36105592,5476711
QS,normal,1048576,0,92462338,10333680
QS,normal,1048576,1,90038723,10717519
QS,normal,1048576,2,88289539,10193418
QS,normal,1048576,3,95911192,10456893
QS,normal,1048576,4,94990095,10856377
QS,stock,1024,0,34433,7042
QS,stock,1024,1,32827,6443
QS,stock,1024,2,32770,7436
QS,stock,1024,3,31448,6314
QS,stock,1024,4,32293,6433
QS,stock,2048,0,64111,14228
QS,stock,2048,1,62926,14838
QS,stock,2048,2,63151,14724
QS,stock,2048,3,61646,15409
QS,stock,2048,4,61946,14533
QS,stock,4096,0,136438,32991
QS,stock,4096,1,132359,32644
QS,stock,4096,2,133060,33696
QS,stock,4096,3,153323,32569
QS,stock,4096,4,130113,32305
QS,stock,8192,0,285861,70896
QS,stock,8192,1,275966,76723
QS,stock,8192,2,268702,70535
QS,stock,8192,3,272840,73413
QS,stock,8192,4,268566,66376
QS,stock,16384,0,566186,150666
QS,stock,16384,1,564711,160690
QS,stock,16384,2,554354,150652
QS,stock,16384,3,562554,157052
QS,stock,16384,4,593326,144450
QS,stock,32768,0,1234917,327255
QS,stock,32768,1,1344038,358607
QS,stock,32768,2,1204729,322360
QS,stock,32768,3,1224700,317378
QS,stock,32768,4,1206669,331920
QS,stock,65536,0,2472075,698797
QS,stock,65536,1,2543473,663735
QS,stock,65536,2,2502432,785597
QS,stock,65536,3,2519344,796628
QS,stock,65536,4,2397134,648064
QS,stock,131072,0,5247907,1381565
QS,stock,131072,1,5530618,1359471
QS,stock,131072,2,5080950,1477499
QS,stock,131072,3,5338348,1522766
QS,stock,131072,4,5096272,1450737
QS,stock,262144,0,10748223,3112115
QS,stock,262144,1,11008519,2916869
QS,stock,262144,2,10993136,2969503
QS,stock,262144,3,10952284,3193541
QS,stock,262144,4,11197595,3500030
QS,stock,524288,0,22832977,6565848
QS,stock,524288,1,21792723,6368230
QS,stock,524288,2,23693123,6435071
QS,stock,524288,3,23591010,6392636
QS,stock,524288,4,22321275,6612797
QS,stock,1007339,0,45150478,13626393
QS,stock,1007339,1,44241728,13776766
QS,stock,1007339,2,44507123,12963955
QS,stock,1007339,3,43618020,13351255
QS,stock,1007339,4,42851565,12556879
QS_small,sorted,1024,0,20463,6193
QS_small,sorted,1024,1,18475,5943
QS_small,sorted,1024,2,18660,7245
QS_small,sorted,1024,3,18697,6275
QS_small,sorted,1024,4,18246,6906
QS_small,sorted,2048,0,41576,15340
QS_small,sorted,2048,1,38943,16233
QS_small,sorted,2048,2,37402,13817
QS_small,sorted,2048,3,37183,14554
QS_small,sorted,2048,4,37331,15739
QS_small,sorted,4096,0,78869,30699
QS_small,sorted,4096,1,74539,32468
QS_small,sorted,4096,2,75477,35971
QS_small,sorted,4096,3,125466,38344
QS_small,sorted,4096,4,75896,33261
QS_small,sorted,8192,0,161023,69234
QS_small,sorted,8192,1,151862,64552
QS_small,sorted,8192,2,153073,69413
QS_small,sorted,8192,3,154904,70141
QS_small,sorted,8192,4,155429,74408
QS_small,sorted,16384,0,313588,145910
QS_small,sorted,16384,1,343956,170583
QS_small,sorted,16384,2,320471,166134
QS_small,sorted,16384,3,325713,162632
QS_small,sorted,16384,4,352009,161591
QS_small,sorted,32768,0,640852,327415
QS_small,sorted,32768,1,656361,311829
QS_small,sorted,32768,2,673642,322605
QS_small,sorted,32768,3,653678,338265
QS_small,sorted,32768,4,654267,338689
QS_small,sorted,65536,0,1336484,725989
QS_small,sorted,65536,1,1343451,821303
QS_small,sorted,65536,2,1408226,722942
QS_small,sorted,65536,3,1360748,720716
QS_small,sorted,65536,4,1581933,756219
QS_small,sorted,131072,0,2768418,1527974
QS_small,sorted,131072,1,2790413,1460632
QS_small,sorted,131072,2,2716701,1434039
QS_small,sorted,131072,3,2971431,1509988
QS_small,sorted,131072,4,3002644,1464106
QS_small,sorted,262144,0,5764713,3063778
QS_small,sorted,262144,1,5952254,3260468
QS_small,sorted,262144,2,5691852,3105907
QS_small,sorted,262144,3,5646960,3096488
QS_small,sorted,262144,4,6030881,3237796
QS_small,sorted,524288,0,11948078,6838339
QS_small,sorted,524288,1,11669415,6891393
QS_small,sorted,524288,2,11835272,6874335
QS_small,sorted,524288,3,13186234,7073387
QS_small,sorted,524288,4,11624019,6897652
QS_small,sorted,1048576,0,24457258,14912372
QS_small,sorted,1048576,1,26295952,15311116
QS_small,sorted,1048576,2,24721421,15177828
QS_small,sorted,1048576,3,24161910,13640322
QS_small,sorted,1048576,4,25067689,15539864
QS_small,almost_sorted,1024,0,26442,7167
QS_small,almost_sorted,1024,1,25691,7731
QS_small,almost_sorted,1024,2,25678,8335
QS_small,almost_sorted,1024,3,24890,7688
QS_small,almost_sorted,1024,4,24719,6665
QS_small,almost_sorted,2048,0,52697,16502
QS_small,almost_sorted,2048,1,50422,15064
QS_small,almost_sorted,2048,2,51486,16475
QS_small,almost_sorted,2048,3,50240,14959
QS_small,almost_sorted,2048,4,49707,14715
QS_small,almost_sorted,4096,0,115068,32488
QS_small,almost_sorted,4096,1,106884,33486
QS_small,almost_sorted,4096,2,103755,32130
QS_small,almost_sorted,4096,3,104043,31889
QS_small,almost_sorted,4096,4,103297,31184
QS_small,almost_sorted,8192,0,221582,77301
QS_small,almost_sorted,8192,1,220145,78772
QS_small,almost_sorted,8192,2,223929,68055
QS_small,almost_sorted,8192,3,221112,77634
QS_small,almost_sorted,8192,4,218691,81946
QS_small,almost_sorted,16384,0,489633,158393
QS_small,almost_sorted,16384,1,472913,147088
QS_small,almost_sorted,16384,2,463362,150539
QS_small,almost_sorted,16384,3,471963,146009
QS_small,almost_sorted,16384,4,445448,153410
QS_small,almost_sorted,32768,0,936244,338021
QS_small,almost_sorted,32768,1,947260,347885
QS_small,almost_sorted,32768,2,957033,344352
QS_small,almost_sorted,32768,3,926578,313534
QS_small,almost_sorted,32768,4,938312,320791
QS_small,almost_sorted,65536,0,2033927,700940
QS_small,almost_sorted,65536,1,1998548,708076
QS_small,almost_sorted,65536,2,1920025,702274
QS_small,almost_sorted,65536,3,1961461,747878
QS_small,almost_sorted,65536,4,2658281,710298
QS_small,almost_sorted,131072,0,4297373,1590471
QS_small,almost_sorted,131072,1,4346327,1692520
QS_small,almost_sorted,131072,2,4264558,1587028
QS_small,almost_sorted,131072,3,4031775,1492828
QS_small,almost_sorted,131072,4,4145942,1580649
QS_small,almost_sorted,262144,0,8335221,3125853
QS_small,almost_sorted,262144,1,8326073,3122940
QS_small,almost_sorted,262144,2,8392514,3168162
QS_small,almost_sorted,262144,3,10419975,2998160
QS_small,almost_sorted,262144,4,8495160,3215470
QS_small,almost_sorted,524288,0,18683314,7129134
QS_small,almost_sorted,524288,1,18704992,6603277
QS_small,almost_sorted,524288,2,17481302,7131966
QS_small,almost_sorted,524288,3,18413469,7121084
QS_small,almost_sorted,524288,4,17195452,6306241
QS_small,almost_sorted,1048576,0,36237168,14230155
QS_small,almost_sorted,1048576,1,36054023,13552154
QS_small,almost_sorted,1048576,2,38925778,14075757
QS_small,almost_sorted,1048576,3,37337088,14304535
QS_small,almost_sorted,1048576,4,37197061,14256075
QS_small,uniform,1024,0,39322,7316
QS_small,uniform,1024,1,38879,7045
QS_small,uniform,1024,2,38834,7522
QS_small,uniform,1024,3,38291,6865
QS_small,uniform,1024,4,38307,6509
QS_small,uniform,2048,0,85961,15241
QS_small,uniform,2048,1,81291,14077
QS_small,uniform,2048,2,82177,14665
QS_small,uniform,2048,3,87303,14399
QS_small,uniform,2048,4,80328,15737
QS_small,uniform,4096,0,176932,32565
QS_small,uniform,4096,1,172499,31953
QS_small,uniform,4096,2,174741,36613
QS_small,uniform,4096,3,171264,31492
QS_small,uniform,4096,4,171867,35373
QS_small,uniform,8192,0,378620,71741
QS_small,uniform,8192,1,371151,72650
QS_small,uniform,8192,2,358003,69449
QS_small,uniform,8192,3,373059,72893
QS_small,uniform,8192,4,396848,75597
QS_small,uniform,16384,0,833089,146729
QS_small,uniform,16384,1,782270,181303
QS_small,uniform,16384,2,794028,156403
QS_small,uniform,16384,3,794849,156550
QS_small,uniform,16384,4,802775,153465
QS_small,uniform,32768,0,1696935,315910
QS_small,uniform,32768,1,1746827,314742
QS_small,uniform,32768,2,1645595,335828
QS_small,uniform,32768,3,1685412,350207
QS_small,uniform,32768,4,1807010,325390
QS_small,uniform,65536,0,3597530,692186
QS_small,uniform,65536,1,3484812,701457
QS_small,uniform,65536,2,3566933,680525
QS_small,uniform,65536,3,4075939,743907
QS_small,uniform,65536,4,3551216,733601
QS_small,uniform,131072,0,7624185,1490315
QS_small,uniform,131072,1,7711809,1743895
QS_small,uniform,131072,2,7807931,1504991
QS_small,uniform,131072,3,7697199,1422293
QS_small,uniform,131072,4,7786718,1537869
QS_small,uniform,262144,0,15937357,3294743
QS_small,uniform,262144,1,15606826,2946587
QS_small,uniform,262144,2,16086031,3359761
QS_small,uniform,262144,3,16060197,3240372
QS_small,uniform,262144,4,15681906,3346760
QS_small,uniform,524288,0,32961686,7634425
QS_small,uniform,524288,1,34070604,7031247
QS_small,uniform,524288,2,33554318,6847098
QS_small,uniform,524288,3,33701333,6460423
QS_small,uniform,524288,4,34971893,6678266
QS_small,uniform,1048576,0,70445235,14803356
QS_small,uniform,1048576,1,69146429,14057068
QS_small,uniform,1048576,2,69518588,14590437
QS_small,uniform,1048576,3,71051531,14096235
QS_small,uniform,1048576,4,70561724,14452607
QS_small,normal,1024,0,39757,6246
QS_small,normal,1024,1,38019,8797
QS_small,normal,1024,2,38040,7335
QS_small,normal,1024,3,37572,6736
QS_small,normal,1024,4,38229,7309
QS_small,normal,2048,0,83754,14923
QS_small,normal,2048,1,79917,14594
QS_small,normal,2048,2,80743,16131
QS_small,normal,2048,3,79238,15795
QS_small,normal,2048,4,79806,14471
QS_small,normal,4096,0,171461,33057
QS_small,normal,4096,1,184575,32934
QS_small,normal,4096,2,172677,31603
QS_small,normal,4096,3,170021,35932
QS_small,normal,4096,4,174377,32940
QS_small,normal,8192,0,360553,72498
QS_small,normal,8192,1,353683,71177
QS_small,normal,8192,2,355404,75602
QS_small,normal,8192,3,361619,77114
QS_small,normal,8192,4,353494,69227
QS_small,normal,16384,0,851027,140029
QS_small,normal,16384,1,805753,168019
QS_small,normal,16384,2,726376,136093
QS_small,normal,16384,3,733946,149175
QS_small,normal,16384,4,720711,151289
QS_small,normal,32768,0,1888956,332044
QS_small,normal,32768,1,1466964,336056
QS_small,normal,32768,2,1499463,291856
QS_small,normal,32768,3,1544892,310246
QS_small,normal,32768,4,1514926,310116
QS_small,normal,65536,0,3388539,621517
QS_small,normal,65536,1,3150225,650624
QS_small,normal,65536,2,3188257,605297
QS_small,normal,65536,3,3142753,606415
QS_small,normal,65536,4,3204596,619405
QS_small,normal,131072,0,6696292,1136630
QS_small,normal,131072,1,6663276,1278908
QS_small,normal,131072,2,6891355,1243747
QS_small,normal,131072,3,6860274,1381317
QS_small,normal,131072,4,7144134,1357861
QS_small,normal,262144,0,15958610,2627564
QS_small,normal,262144,1,15160351,2572770
QS_small,normal,262144,2,15213053,2439548
QS_small,normal,262144,3,15269737,2772895
QS_small,normal,262144,4,15303690,2490802
QS_small,normal,524288,0,36497728,5413094
QS_small,normal,524288,1,37416242,5027652
QS_small,normal,524288,2,37085983,5519192
QS_small,normal,524288,3,37513247,5231158
QS_small,normal,524288,4,38506116,5087481
QS_small,normal,1048576,0,91549229,11814775
QS_small,normal,1048576,1,93385273,10077663
QS_small,normal,1048576,2,93604993,10823411
QS_small,normal,1048576,3,96150944,10800132
QS_small,normal,1048576,4,92059029,9318636
QS_small,stock,1024,0,31801,7040
QS_small,stock,1024,1,31037,7744
QS_small,stock,1024,2,30677,6156
QS_small,stock,1024,3,30623,7023
QS_small,stock,1024,4,30111,6949
QS_small,stock,2048,0,67578,13707
QS_small,stock,2048,1,63474,13792
QS_small,stock,2048,2,64366,14976
QS_small,stock,2048,3,76035,18055
QS_small,stock,2048,4,62873,14932
QS_small,stock,4096,0,139712,35630
QS_small,stock,4096,1,134247,31009
QS_small,stock,4096,2,133504,29162
QS_small,stock,4096,3,135983,33897
QS_small,stock,4096,4,134635,30546
QS_small,stock,8192,0,278279,72483
QS_small,stock,8192,1,276625,68695
QS_small,stock,8192,2,273828,76705
QS_small,stock,8192,3,278609,78621
QS_small,stock,8192,4,279217,83181
QS_small,stock,16384,0,579846,140207
QS_small,stock,16384,1,578418,158104
QS_small,stock,16384,2,563537,142136
QS_small,stock,16384,3,599238,178168
QS_small,stock,16384,4,571604,150344
QS_small,stock,32768,0,1271030,334469
QS_small,stock,32768,1,1221340,332900
QS_small,stock,32768,2,1210755,318347
QS_small,stock,32768,3,1226829,348905
QS_small,stock,32768,4,1311169,315208
QS_small,stock,65536,0,2436230,627020
QS_small,stock,65536,1,2548175,782539
QS_small,stock,65536,2,3288285,692463
QS_small,stock,65536,3,2559469,681159
QS_small,stock,65536,4,2492076,632567
QS_small,stock,131072,0,5257651,1538010
QS_small,stock,131072,1,5199116,1382212
QS_small,stock,131072,2,5235722,1537533
QS_small,stock,131072,3,5411369,1447435
QS_small,stock,131072,4,5208351,1460691
QS_small,stock,262144,0,11363935,3254935
QS_small,stock,262144,1,10822309,2994466
QS_small,stock,262144,2,11191708,3007613
QS_small,stock,262144,3,11185720,3284800
QS_small,stock,262144,4,11082175,2996193
QS_small,stock,524288,0,22513118,6366025
QS_small,stock,524288,1,23003697,7278314
QS_small,stock,524288,2,22392875,6040727
QS_small,stock,524288,3,22444523,6578671
QS_small,stock,524288,4,22277188,5944597
QS_small,stock,1007339,0,44229698,13248564
QS_small,stock,1007339,1,44260114,12445824
QS_small,stock,1007339,2,46601025,12784083
QS_small,stock,1007339,3,54549278,13448895
QS_small,stock,1007339,4,44935280,13746330
QS_cut16,sorted,1024,0,9183,4048
QS_cut16,sorted,1024,1,9691,4613
QS_cut16,sorted,1024,2,8206,4735
QS_cut16,sorted,1024,3,8586,4346
QS_cut16,sorted,1024,4,8627,5591
QS_cut16,sorted,2048,0,19188,12324
QS_cut16,sorted,2048,1,17356,12457
QS_cut16,sorted,2048,2,17084,10680
QS_cut16,sorted,2048,3,16969,9842
QS_cut16,sorted,2048,4,17346,10655
QS_cut16,sorted,4096,0,40080,23610
QS_cut16,sorted,4096,1,37949,28368
QS_cut16,sorted,4096,2,34959,19795
QS_cut16,sorted,4096,3,34693,22264
QS_cut16,sorted,4096,4,35522,23022
QS_cut16,sorted,8192,0,122627,56397
QS_cut16,sorted,8192,1,72971,48269
QS_cut16,sorted,8192,2,83419,58937
QS_cut16,sorted,8192,3,70804,46677
QS_cut16,sorted,8192,4,72438,52882
QS_cut16,sorted,16384,0,158351,113139
QS_cut16,sorted,16384,1,155024,110812
QS_cut16,sorted,16384,2,161194,122884
QS_cut16,sorted,16384,3,207818,129432
QS_cut16,sorted,16384,4,158380,129400
QS_cut16,sorted,32768,0,329230,253640
QS_cut16,sorted,32768,1,353487,259105
QS_cut16,sorted,32768,2,375943,263355
QS_cut16,sorted,32768,3,405254,271492
QS_cut16,sorted,32768,4,336668,277849
QS_cut16,sorted,65536,0,694022,566060
QS_cut16,sorted,65536,1,697116,550496
QS_cut16,sorted,65536,2,684261,570946
QS_cut16,sorted,65536,3,710476,564168
QS_cut16,sorted,65536,4,694191,563426
QS_cut16,sorted,131072,0,1766202,1377531
QS_cut16,sorted,131072,1,1435699,1188366
QS_cut16,sorted,131072,2,1457962,1256175
QS_cut16,sorted,131072,3,1456238,1161599
QS_cut16,sorted,131072,4,1491841,1321132
QS_cut16,sorted,262144,0,3290351,2765256
QS_cut16,sorted,262144,1,3455824,2721533
QS_cut16,sorted,262144,2,3309308,2739630
QS_cut16,sorted,262144,3,2979047,2580177
QS_cut16,sorted,262144,4,3086038,2634882
QS_cut16,sorted,524288,0,6996149,5472431
QS_cut16,sorted,524288,1,6704864,5845712
QS_cut16,sorted,524288,2,6773601,5686884
QS_cut16,sorted,524288,3,6657087,5520998
QS_cut16,sorted,524288,4,6287647,5462276
QS_cut16,sorted,1048576,0,14443256,13182461
QS_cut16,sorted,1048576,1,13944001,11785689
QS_cut16,sorted,1048576,2,13533557,11620598
QS_cut16,sorted,1048576,3,13755673,11780815
QS_cut16,sorted,1048576,4,13756287,11696189
QS_cut16,almost_sorted,1024,0,16343,4491
QS_cut16,almost_sorted,1024,1,15149,5221
QS_cut16,almost_sorted,1024,2,14479,3772
QS_cut16,almost_sorted,1024,3,15190,4222
QS_cut16,almost_sorted,1024,4,16543,6713
QS_cut16,almost_sorted,2048,0,36945,12300
QS_cut16,almost_sorted,2048,1,34090,9384
QS_cut16,almost_sorted,2048,2,35498,15542
QS_cut16,almost_sorted,2048,3,33394,9197
QS_cut16,almost_sorted,2048,4,34153,10077
QS_cut16,almost_sorted,4096,0,73845,28443
QS_cut16,almost_sorted,4096,1,69650,24397
QS_cut16,almost_sorted,4096,2,69471,25381
QS_cut16,almost_sorted,4096,3,66990,21958
QS_cut16,almost_sorted,4096,4,69463,26670
QS_cut16,almost_sorted,8192,0,156120,58767
QS_cut16,almost_sorted,8192,1,148366,52669
QS_cut16,almost_sorted,8192,2,149638,50975
QS_cut16,almost_sorted,8192,3,151753,60584
QS_cut16,almost_sorted,8192,4,155094,64275
QS_cut16,almost_sorted,16384,0,312859,119390
QS_cut16,almost_sorted,16384,1,318475,117791
QS_cut16,almost_sorted,16384,2,311009,136001
QS_cut16,almost_sorted,16384,3,303875,120472
QS_cut16,almost_sorted,16384,4,299098,129339
QS_cut16,almost_sorted,32768,0,634876,254858
QS_cut16,almost_sorted,32768,1,650011,258717
QS_cut16,almost_sorted,32768,2,633951,269375
QS_cut16,almost_sorted,32768,3,646968,290571
QS_cut16,almost_sorted,32768,4,729586,278701
QS_cut16,almost_sorted,65536,0,1391307,591263
QS_cut16,almost_sorted,65536,1,1429555,676907
QS_cut16,almost_sorted,65536,2,1400099,611944
QS_cut16,almost_sorted,65536,3,1375707,593952
QS_cut16,almost_sorted,65536,4,1338933,548447
QS_cut16,almost_sorted,131072,0,2972806,1233362
QS_cut16,almost_sorted,131072,1,2957149,1240367
QS_cut16,almost_sorted,131072,2,3254704,1185703
QS_cut16,almost_sorted,131072,3,3038452,1145328
QS_cut16,almost_sorted,131072,4,3067154,1227330
QS_cut16,almost_sorted,262144,0,5946273,2511804
QS_cut16,almost_sorted,262144,1,6552917,2653335
QS_cut16,almost_sorted,262144,2,5993245,2681001
QS_cut16,almost_sorted,262144,3,6261722,2624384
QS_cut16,almost_sorted,262144,4,6175273,2631457
QS_cut16,almost_sorted,524288,0,12724658,5676709
QS_cut16,almost_sorted,524288,1,12751790,5462535
QS_cut16,almost_sorted,524288,2,12741678,5546847
QS_cut16,almost_sorted,524288,3,12568116,5321322
QS_cut16,almost_sorted,524288,4,12525417,5338783
QS_cut16,almost_sorted,1048576,0,26560191,12182400
QS_cut16,almost_sorted,1048576,1,28792970,13090826
QS_cut16,almost_sorted,1048576,2,26204979,11460000
QS_cut16,almost_sorted,1048576,3,28595110,12034359
QS_cut16,almost_sorted,1048576,4,28419535,12897654
QS_cut16,uniform,1024,0,31325,4254
QS_cut16,uniform,1024,1,30470,4852
QS_cut16,uniform,1024,2,30760,4493
QS_cut16,uniform,1024,3,31425,5449
QS_cut16,uniform,1024,4,30081,4472
QS_cut16,uniform,2048,0,83867,10996
QS_cut16,uniform,2048,1,66914,9315
QS_cut16,uniform,2048,2,63842,11448
QS_cut16,uniform,2048,3,65199,9889
QS_cut16,uniform,2048,4,64579,15866
QS_cut16,uniform,4096,0,159246,26590
QS_cut16,uniform,4096,1,139423,26412
QS_cut16,uniform,4096,2,139214,24165
QS_cut16,uniform,4096,3,139379,22059
QS_cut16,uniform,4096,4,140680,22975
QS_cut16,uniform,8192,0,329215,51999
QS_cut16,uniform,8192,1,331315,53082
QS_cut16,uniform,8192,2,319435,53624
QS_cut16,uniform,8192,3,326712,55628
QS_cut16,uniform,8192,4,321054,49756
QS_cut16,uniform,16384,0,683288,119672
QS_cut16,uniform,16384,1,644694,147652
QS_cut16,uniform,16384,2,712930,117684
QS_cut16,uniform,16384,3,699350,112932
QS_cut16,uniform,16384,4,655429,115854
QS_cut16,uniform,32768,0,1421251,243601
QS_cut16,uniform,32768,1,1409665,245295
QS_cut16,uniform,32768,2,1514323,254560
QS_cut16,uniform,32768,3,1461517,237562
QS_cut16,uniform,32768,4,1434450,273887
QS_cut16,uniform,65536,0,3116986,552612
QS_cut16,uniform,65536,1,3016637,569784
QS_cut16,uniform,65536,2,3227888,516925
QS_cut16,uniform,65536,3,3086097,580338
QS_cut16,uniform,65536,4,2920967,673676
QS_cut16,uniform,131072,0,6466580,1271174
QS_cut16,uniform,131072,1,6850911,1154178
QS_cut16,uniform,131072,2,6931043,1185863
QS_cut16,uniform,131072,3,6447358,1271064
QS_cut16,uniform,131072,4,7748918,1317044
QS_cut16,uniform,262144,0,13683839,3045621
QS_cut16,uniform,262144,1,13934587,2710041
QS_cut16,uniform,262144,2,13736768,2609875
QS_cut16,uniform,262144,3,13522299,2627389
QS_cut16,uniform,262144,4,13654640,2550567
QS_cut16,uniform,524288,0,40959396,5748196
QS_cut16,uniform,524288,1,35100747,5803474
QS_cut16,uniform,524288,2,28553618,5846721
QS_cut16,uniform,524288,3,30303357,5674529
QS_cut16,uniform,524288,4,28688855,6105745
QS_cut16,uniform,1048576,0,63046265,11718460
QS_cut16,uniform,1048576,1,62704526,11269066
QS_cut16,uniform,1048576,2,63501920,12397813
QS_cut16,uniform,1048576,3,61794740,12811336
QS_cut16,uniform,1048576,4,63268899,12610956
QS_cut16,normal,1024,0,32213,4014
QS_cut16,normal,1024,1,31167,4178
QS_cut16,normal,1024,2,29746,4600
QS_cut16,normal,1024,3,30265,4624
QS_cut16,normal,1024,4,29903,5856
QS_cut16,normal,2048,0,68405,12156
QS_cut16,normal,2048,1,65695,10055
QS_cut16,normal,2048,2,64530,9556
QS_cut16,normal,2048,3,65762,10101
QS_cut16,normal,2048,4,65019,12077
QS_cut16,normal,4096,0,140781,21318
QS_cut16,normal,4096,1,134102,28184
QS_cut16,normal,4096,2,136989,25705
QS_cut16,normal,4096,3,146480,24274
QS_cut16,normal,4096,4,141007,23616
QS_cut16,normal,8192,0,309862,63614
QS_cut16,normal,8192,1,348813,68579
QS_cut16,normal,8192,2,312669,54176
QS_cut16,normal,8192,3,295370,64705
QS_cut16,normal,8192,4,300770,47997
QS_cut16,normal,16384,0,639212,123777
QS_cut16,normal,16384,1,627677,135741
QS_cut16,normal,16384,2,680249,104630
QS_cut16,normal,16384,3,639728,123597
QS_cut16,normal,16384,4,638020,107542
QS_cut16,normal,32768,0,1392867,269239
QS_cut16,normal,32768,1,1384915,246252
QS_cut16,normal,32768,2,1461516,255964
QS_cut16,normal,32768,3,1429342,258448
QS_cut16,normal,32768,4,1350805,235819
QS_cut16,normal,65536,0,2770876,527955
QS_cut16,normal,65536,1,2809203,568427
QS_cut16,normal,65536,2,2737648,484975
QS_cut16,normal,65536,3,2713058,557085
QS_cut16,normal,65536,4,2838206,494075
QS_cut16,normal,131072,0,6296922,1199980
QS_cut16,normal,131072,1,6763107,1272476
QS_cut16,normal,131072,2,6249916,1208599
QS_cut16,normal,131072,3,6406420,1109436
QS_cut16,normal,131072,4,6267134,1089954
QS_cut16,normal,262144,0,14968660,2546386
QS_cut16,normal,262144,1,14959149,2263868
QS_cut16,normal,262144,2,15413485,2535879
QS_cut16,normal,262144,3,14585681,2719096
QS_cut16,normal,262144,4,14635982,2310355
QS_cut16,normal,524288,0,35821839,5584399
QS_cut16,normal,524288,1,36114712,4803188
QS_cut16,normal,524288,2,36541308,4865606
QS_cut16,normal,524288,3,35648189,4898652
QS_cut16,normal,524288,4,36660770,4819681
QS_cut16,normal,1048576,0,91304062,10759189
QS_cut16,normal,1048576,1,94536112,9737599
QS_cut16,normal,1048576,2,90722032,8875116
QS_cut16,normal,1048576,3,93609739,9475516
QS_cut16,normal,1048576,4,93039147,10771764
QS_cut16,stock,1024,0,23733,4359
QS_cut16,stock,1024,1,22878,4786
QS_cut16,stock,1024,2,22576,5369
QS_cut16,stock,1024,3,23079,5491
QS_cut16,stock,1024,4,22465,5557
QS_cut16,stock,2048,0,48544,9867
QS_cut16,stock,2048,1,49035,11620
QS_cut16,stock,2048,2,47214,11082
QS_cut16,stock,2048,3,47274,9017
QS_cut16,stock,2048,4,46956,9037
QS_cut16,stock,4096,0,106689,21647
QS_cut16,stock,4096,1,103493,22236
QS_cut16,stock,4096,2,103628,23848
QS_cut16,stock,4096,3,105029,24386
QS_cut16,stock,4096,4,106195,22853
QS_cut16,stock,8192,0,215254,47612
QS_cut16,stock,8192,1,212876,51970
QS_cut16,stock,8192,2,215312,56767
QS_cut16,stock,8192,3,214891,51751
QS_cut16,stock,8192,4,221559,63081
QS_cut16,stock,16384,0,505737,114144
QS_cut16,stock,16384,1,451496,113112
QS_cut16,stock,16384,2,451130,113892
QS_cut16,stock,16384,3,459345,113562
QS_cut16,stock,16384,4,450253,127847
QS_cut16,stock,32768,0,1041291,248570
QS_cut16,stock,32768,1,1062639,290156
QS_cut16,stock,32768,2,1076062,259053
QS_cut16,stock,32768,3,1045860,262097
QS_cut16,stock,32768,4,1010961,241031
QS_cut16,stock,65536,0,2243065,558247
QS_cut16,stock,65536,1,2036016,643409
QS_cut16,stock,65536,2,2009883,599654
QS_cut16,stock,65536,3,2085743,563785
QS_cut16,stock,65536,4,2015524,589809
QS_cut16,stock,131072,0,4439303,1257154
QS_cut16,stock,131072,1,4500965,1427872
QS_cut16,stock,131072,2,4461944,1369638
QS_cut16,stock,131072,3,4331558,1187845
QS_cut16,stock,131072,4,4326199,1167287
QS_cut16,stock,262144,0,10086049,2779633
QS_cut16,stock,262144,1,9724293,2434320
QS_cut16,stock,262144,2,9871452,2680996
QS_cut16,stock,262144,3,9590254,2514226
QS_cut16,stock,262144,4,10107369,2966595
QS_cut16,stock,524288,0,19999590,6135266
QS_cut16,stock,524288,1,19833901,6103338
QS_cut16,stock,524288,2,20248398,5453541
QS_cut16,stock,524288,3,19768331,5758268
QS_cut16,stock,524288,4,19368839,5806454
QS_cut16,stock,1007339,0,40717890,11888031
QS_cut16,stock,1007339,1,39400051,12510031
QS_cut16,stock,1007339,2,38174264,11431979
QS_cut16,stock,1007339,3,38667950,10886538
QS_cut16,stock,1007339,4,37711175,10948921
MS,sorted,1024,0,15983,0
MS,sorted,1024,1,12626,0
MS,sorted,1024,2,18319,0
MS,sorted,1024,3,10986,0
MS,sorted,1024,4,10405,0
MS,sorted,2048,0,27353,0
MS,sorted,2048,1,22788,0
MS,sorted,2048,2,21145,0
MS,sorted,2048,3,21369,0
MS,sorted,2048,4,21288,0
MS,sorted,4096,0,91209,0
MS,sorted,4096,1,81772,0
MS,sorted,4096,2,76221,0
MS,sorted,4096,3,76153,0
MS,sorted,4096,4,76179,0
MS,sorted,8192,0,114711,0
MS,sorted,8192,1,94796,0
MS,sorted,8192,2,93253,0
MS,sorted,8192,3,93648,0
MS,sorted,8192,4,93283,0
MS,sorted,16384,0,225536,0
MS,sorted,16384,1,197532,0
MS,sorted,16384,2,204819,0
MS,sorted,16384,3,193506,0
MS,sorted,16384,4,193731,0
MS,sorted,32768,0,501186,0
MS,sorted,32768,1,441800,0
MS,sorted,32768,2,430208,0
MS,sorted,32768,3,414521,0
MS,sorted,32768,4,413424,0
MS,sorted,65536,0,1045173,0
MS,sorted,65536,1,977995,0
MS,sorted,65536,2,978816,0
MS,sorted,65536,3,1550049,0
MS,sorted,65536,4,927195,0
MS,sorted,131072,0,2078279,0
MS,sorted,131072,1,2010013,0
MS,sorted,131072,2,1992568,0
MS,sorted,131072,3,2476199,0
MS,sorted,131072,4,1957743,0
MS,sorted,262144,0,4198063,0
MS,sorted,262144,1,4210221,0
MS,sorted,262144,2,4116438,0
MS,sorted,262144,3,4194251,0
MS,sorted,262144,4,4126320,0
MS,sorted,524288,0,8849612,0
MS,sorted,524288,1,8788557,0
MS,sorted,524288,2,8463017,0
MS,sorted,524288,3,8505500,0
MS,sorted,524288,4,8368509,0
MS,sorted,1048576,0,18878944,0
MS,sorted,1048576,1,19848993,0
MS,sorted,1048576,2,18682997,0
MS,sorted,1048576,3,17816301,0
MS,sorted,1048576,4,17672563,0
MS,almost_sorted,1024,0,27786,0
MS,almost_sorted,1024,1,18560,0
MS,almost_sorted,1024,2,16430,0
MS,almost_sorted,1024,3,15926,0
MS,almost_sorted,1024,4,15686,0
MS,almost_sorted,2048,0,41838,0
MS,almost_sorted,2048,1,36202,0
MS,almost_sorted,2048,2,33075,0
MS,almost_sorted,2048,3,32852,0
MS,almost_sorted,2048,4,32859,0
MS,almost_sorted,4096,0,84876,0
MS,almost_sorted,4096,1,69358,0
MS,almost_sorted,4096,2,70969,0
MS,almost_sorted,4096,3,70111,0
MS,almost_sorted,4096,4,70321,0
MS,almost_sorted,8192,0,188685,0
MS,almost_sorted,8192,1,147563,0
MS,almost_sorted,8192,2,145039,0
MS,almost_sorted,8192,3,144028,0
MS,almost_sorted,8192,4,146290,0
MS,almost_sorted,16384,0,520250,0
MS,almost_sorted,16384,1,355180,0
MS,almost_sorted,16384,2,385655,0
MS,almost_sorted,16384,3,304075,0
MS,almost_sorted,16384,4,296135,0
MS,almost_sorted,32768,0,1052088,0
MS,almost_sorted,32768,1,678291,0
MS,almost_sorted,32768,2,633702,0
MS,almost_sorted,32768,3,624117,0
MS,almost_sorted,32768,4,638758,0
MS,almost_sorted,65536,0,1555279,0
MS,almost_sorted,65536,1,1471927,0
MS,almost_sorted,65536,2,1424534,0
MS,almost_sorted,65536,3,1687066,0
MS,almost_sorted,65536,4,1418585,0
MS,almost_sorted,131072,0,3059900,0
MS,almost_sorted,131072,1,2923929,0
MS,almost_sorted,131072,2,3499093,0
MS,almost_sorted,131072,3,3129211,0
MS,almost_sorted,131072,4,3003727,0
MS,almost_sorted,262144,0,6408063,0
MS,almost_sorted,262144,1,6288880,0
MS,almost_sorted,262144,2,6610824,0
MS,almost_sorted,262144,3,6302331,0
MS,almost_sorted,262144,4,6181761,0
MS,almost_sorted,524288,0,13681726,0
MS,almost_sorted,524288,1,13358144,0
MS,almost_sorted,524288,2,13133217,0
MS,almost_sorted,524288,3,13961961,0
MS,almost_sorted,524288,4,17869090,0
MS,almost_sorted,1048576,0,28050201,0
MS,almost_sorted,1048576,1,26885533,0
MS,almost_sorted,1048576,2,28606953,0
MS,almost_sorted,1048576,3,27238128,0
MS,almost_sorted,1048576,4,27599714,0
MS,uniform,1024,0,58842,0
MS,uniform,1024,1,55678,0
MS,uniform,1024,2,54842,0
MS,uniform,1024,3,53929,0
MS,uniform,1024,4,53427,0
MS,uniform,2048,0,102919,0
MS,uniform,2048,1,93878,0
MS,uniform,2048,2,92903,0
MS,uniform,2048,3,93200,0
MS,uniform,2048,4,97460,0
MS,uniform,4096,0,215569,0
MS,uniform,4096,1,225459,0
MS,uniform,4096,2,205987,0
MS,uniform,4096,3,206450,0
MS,uniform,4096,4,236175,0
MS,uniform,8192,0,548769,0
MS,uniform,8192,1,483014,0
MS,uniform,8192,2,423240,0
MS,uniform,8192,3,451130,0
MS,uniform,8192,4,425462,0
MS,uniform,16384,0,931084,0
MS,uniform,16384,1,919848,0
MS,uniform,16384,2,986297,0
MS,uniform,16384,3,918490,0
MS,uniform,16384,4,937864,0
MS,uniform,32768,0,2139649,0
MS,uniform,32768,1,2009245,0
MS,uniform,32768,2,2022724,0
MS,uniform,32768,3,1998231,0
MS,uniform,32768,4,2771429,0
MS,uniform,65536,0,4423283,0
MS,uniform,65536,1,4887529,0
MS,uniform,65536,2,4352413,0
MS,uniform,65536,3,4236322,0
MS,uniform,65536,4,4360875,0
MS,uniform,131072,0,9228718,0
MS,uniform,131072,1,9376318,0
MS,uniform,131072,2,9434473,0
MS,uniform,131072,3,9507609,0
MS,uniform,131072,4,9624043,0
MS,uniform,262144,0,19898296,0
MS,uniform,262144,1,20373734,0
MS,uniform,262144,2,20606934,0
MS,uniform,262144,3,20059052,0
MS,uniform,262144,4,22615999,0
MS,uniform,524288,0,41995767,0
MS,uniform,524288,1,42281893,0
MS,uniform,524288,2,44647265,0
MS,uniform,524288,3,42610690,0
MS,uniform,524288,4,41957606,0
MS,uniform,1048576,0,88981252,0
MS,uniform,1048576,1,90157493,0
MS,uniform,1048576,2,89557869,0
MS,uniform,1048576,3,95629471,0
MS,uniform,1048576,4,89179751,0
MS,normal,1024,0,79197,0
MS,normal,1024,1,58183,0
MS,normal,1024,2,43700,0
MS,normal,1024,3,59297,0
MS,normal,1024,4,42395,0
MS,normal,2048,0,98134,0
MS,normal,2048,1,94666,0
MS,normal,2048,2,94032,0
MS,normal,2048,3,125062,0
MS,normal,2048,4,93176,0
MS,normal,4096,0,215035,0
MS,normal,4096,1,202484,0
MS,normal,4096,2,199419,0
MS,normal,4096,3,196715,0
MS,normal,4096,4,197579,0
MS,normal,8192,0,447590,0
MS,normal,8192,1,451405,0
MS,normal,8192,2,428849,0
MS,normal,8192,3,533532,0
MS,normal,8192,4,454883,0
MS,normal,16384,0,960534,0
MS,normal,16384,1,963268,0
MS,normal,16384,2,946361,0
MS,normal,16384,3,896757,0
MS,normal,16384,4,927461,0
MS,normal,32768,0,1984878,0
MS,normal,32768,1,2036909,0
MS,normal,32768,2,1971811,0
MS,normal,32768,3,1928518,0
MS,normal,32768,4,1984960,0
MS,normal,65536,0,4127061,0
MS,normal,65536,1,4078610,0
MS,normal,65536,2,4184282,0
MS,normal,65536,3,4130677,0
MS,normal,65536,4,4225028,0
MS,normal,131072,0,8586647,0
MS,normal,131072,1,8691248,0
MS,normal,131072,2,8638952,0
MS,normal,131072,3,8212652,0
MS,normal,131072,4,8282288,0
MS,normal,262144,0,17257031,0
MS,normal,262144,1,17603407,0
MS,normal,262144,2,16724971,0
MS,normal,262144,3,16469667,0
MS,normal,262144,4,17162844,0
MS,normal,524288,0,35668149,0
MS,normal,524288,1,35271634,0
MS,normal,524288,2,36247947,0
MS,normal,524288,3,34223848,0
MS,normal,524288,4,36300427,0
MS,normal,1048576,0,71937188,0
MS,normal,1048576,1,72889930,0
MS,normal,1048576,2,71665239,0
MS,normal,1048576,3,68520056,0
MS,normal,1048576,4,69190964,0
MS,stock,1024,0,35004,0
MS,stock,1024,1,28016,0
MS,stock,1024,2,25205,0
MS,stock,1024,3,23265,0
MS,stock,1024,4,22342,0
MS,stock,2048,0,67636,0
MS,stock,2048,1,59756,0
MS,stock,2048,2,58133,0
MS,stock,2048,3,56820,0
MS,stock,2048,4,55205,0
MS,stock,4096,0,143212,0
MS,stock,4096,1,164582,0
MS,stock,4096,2,128301,0
MS,stock,4096,3,125485,0
MS,stock,4096,4,135012,0
MS,stock,8192,0,315096,0
MS,stock,8192,1,273539,0
MS,stock,8192,2,265810,0
MS,stock,8192,3,264693,0
MS,stock,8192,4,266550,0
MS,stock,16384,0,633107,0
MS,stock,16384,1,606621,0
MS,stock,16384,2,581863,0
MS,stock,16384,3,576657,0
MS,stock,16384,4,571176,0
MS,stock,32768,0,1351370,0
MS,stock,32768,1,1257756,0
MS,stock,32768,2,1397898,0
MS,stock,32768,3,1375389,0
MS,stock,32768,4,1336256,0
MS,stock,65536,0,2624480,0
MS,stock,65536,1,2520933,0
MS,stock,65536,2,2552744,0
MS,stock,65536,3,2579500,0
MS,stock,65536,4,2639902,0
MS,stock,131072,0,5907496,0
MS,stock,131072,1,6079360,0
MS,stock,131072,2,5561643,0
MS,stock,131072,3,5532037,0
MS,stock,131072,4,5896207,0
MS,stock,262144,0,12330847,0
MS,stock,262144,1,11957227,0
MS,stock,262144,2,11732504,0
MS,stock,262144,3,11833998,0
MS,stock,262144,4,11922359,0
MS,stock,524288,0,24483798,0
MS,stock,524288,1,26437860,0
MS,stock,524288,2,24993960,0
MS,stock,524288,3,25029527,0
MS,stock,524288,4,24578182,0
MS,stock,1007339,0,50091906,0
MS,stock,1007339,1,50456612,0
MS,stock,1007339,2,51865681,0
MS,stock,1007339,3,49545241,0
MS,stock,1007339,4,48026798,0
STD,sorted,1024,0,5691,-1
STD,sorted,1024,1,4380,-1
STD,sorted,1024,2,4090,-1
STD,sorted,1024,3,4155,-1
STD,sorted,1024,4,4001,-1
STD,sorted,2048,0,9141,-1
STD,sorted,2048,1,8464,-1
STD,sorted,2048,2,8157,-1
STD,sorted,2048,3,8082,-1
STD,sorted,2048,4,8044,-1
STD,sorted,4096,0,18046,-1
STD,sorted,4096,1,16691,-1
STD,sorted,4096,2,16700,-1
STD,sorted,4096,3,16422,-1
STD,sorted,4096,4,16232,-1
STD,sorted,8192,0,36002,-1
STD,sorted,8192,1,34568,-1
STD,sorted,8192,2,34937,-1
STD,sorted,8192,3,34640,-1
STD,sorted,8192,4,34190,-1
STD,sorted,16384,0,74763,-1
STD,sorted,16384,1,71470,-1
STD,sorted,16384,2,70101,-1
STD,sorted,16384,3,70005,-1
STD,sorted,16384,4,69914,-1
STD,sorted,32768,0,150212,-1
STD,sorted,32768,1,149169,-1
STD,sorted,32768,2,149280,-1
STD,sorted,32768,3,148886,-1
STD,sorted,32768,4,149313,-1
STD,sorted,65536,0,330553,-1
STD,sorted,65536,1,313882,-1
STD,sorted,65536,2,322774,-1
STD,sorted,65536,3,316791,-1
STD,sorted,65536,4,317153,-1
STD,sorted,131072,0,662409,-1
STD,sorted,131072,1,664775,-1
STD,sorted,131072,2,681532,-1
STD,sorted,131072,3,655541,-1
STD,sorted,131072,4,657971,-1
STD,sorted,262144,0,1460926,-1
STD,sorted,262144,1,1393774,-1
STD,sorted,262144,2,1373504,-1
STD,sorted,262144,3,1409745,-1
STD,sorted,262144,4,1401184,-1
STD,sorted,524288,0,3176288,-1
STD,sorted,524288,1,2993321,-1
STD,sorted,524288,2,2967606,-1
STD,sorted,524288,3,2926316,-1
STD,sorted,524288,4,3020923,-1
STD,sorted,1048576,0,6310979,-1
STD,sorted,1048576,1,6144596,-1
STD,sorted,1048576,2,6107493,-1
STD,sorted,1048576,3,6362981,-1
STD,sorted,1048576,4,6721562,-1
STD,almost_sorted,1024,0,10083,-1
STD,almost_sorted,1024,1,10315,-1
STD,almost_sorted,1024,2,9145,-1
STD,almost_sorted,1024,3,9290,-1
STD,almost_sorted,1024,4,8286,-1
STD,almost_sorted,2048,0,21025,-1
STD,almost_sorted,2048,1,17889,-1
STD,almost_sorted,2048,2,18882,-1
STD,almost_sorted,2048,3,17584,-1
STD,almost_sorted,2048,4,18282,-1
STD,almost_sorted,4096,0,40028,-1
STD,almost_sorted,4096,1,57945,-1
STD,almost_sorted,4096,2,37186,-1
STD,almost_sorted,4096,3,38209,-1
STD,almost_sorted,4096,4,37242,-1
STD,almost_sorted,8192,0,84504,-1
STD,almost_sorted,8192,1,80563,-1
STD,almost_sorted,8192,2,78804,-1
STD,almost_sorted,8192,3,79318,-1
STD,almost_sorted,8192,4,79079,-1
STD,almost_sorted,16384,0,175402,-1
STD,almost_sorted,16384,1,174741,-1
STD,almost_sorted,16384,2,212198,-1
STD,almost_sorted,16384,3,167189,-1
STD,almost_sorted,16384,4,167919,-1
STD,almost_sorted,32768,0,370486,-1
STD,almost_sorted,32768,1,411713,-1
STD,almost_sorted,32768,2,401610,-1
STD,almost_sorted,32768,3,357932,-1
STD,almost_sorted,32768,4,358463,-1
STD,almost_sorted,65536,0,788881,-1
STD,almost_sorted,65536,1,764589,-1
STD,almost_sorted,65536,2,817732,-1
STD,almost_sorted,65536,3,756602,-1
STD,almost_sorted,65536,4,757722,-1
STD,almost_sorted,131072,0,1630975,-1
STD,almost_sorted,131072,1,1656690,-1
STD,almost_sorted,131072,2,1587214,-1
STD,almost_sorted,131072,3,1724540,-1
STD,almost_sorted,131072,4,1689706,-1
STD,almost_sorted,262144,0,3473165,-1
STD,almost_sorted,262144,1,3357847,-1
STD,almost_sorted,262144,2,3356669,-1
STD,almost_sorted,262144,3,3516188,-1
STD,almost_sorted,262144,4,3412529,-1
STD,almost_sorted,524288,0,7165799,-1
STD,almost_sorted,524288,1,7636330,-1
STD,almost_sorted,524288,2,7317446,-1
STD,almost_sorted,524288,3,7235112,-1
STD,almost_sorted,524288,4,7214007,-1
STD,almost_sorted,1048576,0,15839359,-1
STD,almost_sorted,1048576,1,15340369,-1
STD,almost_sorted,1048576,2,16011834,-1
STD,almost_sorted,1048576,3,15156979,-1
STD,almost_sorted,1048576,4,14950864,-1
STD,uniform,1024,0,46756,-1
STD,uniform,1024,1,29042,-1
STD,uniform,1024,2,28034,-1
STD,uniform,1024,3,27972,-1
STD,uniform,1024,4,28584,-1
STD,uniform,2048,0,62679,-1
STD,uniform,2048,1,62336,-1
STD,uniform,2048,2,60677,-1
STD,uniform,2048,3,60151,-1
STD,uniform,2048,4,60726,-1
STD,uniform,4096,0,135133,-1
STD,uniform,4096,1,131978,-1
STD,uniform,4096,2,134161,-1
STD,uniform,4096,3,131123,-1
STD,uniform,4096,4,133021,-1
STD,uniform,8192,0,289241,-1
STD,uniform,8192,1,285064,-1
STD,uniform,8192,2,284680,-1
STD,uniform,8192,3,298727,-1
STD,uniform,8192,4,282488,-1
STD,uniform,16384,0,609582,-1
STD,uniform,16384,1,665098,-1
STD,uniform,16384,2,596037,-1
STD,uniform,16384,3,606789,-1
STD,uniform,16384,4,593461,-1
STD,uniform,32768,0,1333309,-1
STD,uniform,32768,1,1328894,-1
STD,uniform,32768,2,1327357,-1
STD,uniform,32768,3,1307975,-1
STD,uniform,32768,4,1290499,-1
STD,uniform,65536,0,2740728,-1
STD,uniform,65536,1,2785702,-1
STD,uniform,65536,2,2839741,-1
STD,uniform,65536,3,2951422,-1
STD,uniform,65536,4,2710054,-1
STD,uniform,131072,0,6095277,-1
STD,uniform,131072,1,5811507,-1
STD,uniform,131072,2,5905382,-1
STD,uniform,131072,3,6095868,-1
STD,uniform,131072,4,5831658,-1
STD,uniform,262144,0,12931815,-1
STD,uniform,262144,1,12542524,-1
STD,uniform,262144,2,12329450,-1
STD,uniform,262144,3,13599275,-1
STD,uniform,262144,4,12278946,-1
STD,uniform,524288,0,27009214,-1
STD,uniform,524288,1,27031939,-1
STD,uniform,524288,2,27576113,-1
STD,uniform,524288,3,26535481,-1
STD,uniform,524288,4,27256335,-1
STD,uniform,1048576,0,55119805,-1
STD,uniform,1048576,1,55822368,-1
STD,uniform,1048576,2,59185209,-1
STD,uniform,1048576,3,56182387,-1
STD,uniform,1048576,4,51984003,-1
STD,normal,1024,0,30395,-1
STD,normal,1024,1,28864,-1
STD,normal,1024,2,29590,-1
STD,normal,1024,3,30215,-1
STD,normal,1024,4,28957,-1
STD,normal,2048,0,63569,-1
STD,normal,2048,1,62368,-1
STD,normal,2048,2,60616,-1
STD,normal,2048,3,61396,-1
STD,normal,2048,4,62556,-1
STD,normal,4096,0,134617,-1
STD,normal,4096,1,135124,-1
STD,normal,4096,2,133715,-1
STD,normal,4096,3,133706,-1
STD,normal,4096,4,131735,-1
STD,normal,8192,0,295598,-1
STD,normal,8192,1,289372,-1
STD,normal,8192,2,300456,-1
STD,normal,8192,3,287746,-1
STD,normal,8192,4,292750,-1
STD,normal,16384,0,620683,-1
STD,normal,16384,1,591780,-1
STD,normal,16384,2,588980,-1
STD,normal,16384,3,651927,-1
STD,normal,16384,4,585678,-1
STD,normal,32768,0,1247878,-1
STD,normal,32768,1,1265885,-1
STD,normal,32768,2,1320506,-1
STD,normal,32768,3,1211572,-1
STD,normal,32768,4,1238522,-1
STD,normal,65536,0,2413564,-1
STD,normal,65536,1,2796663,-1
STD,normal,65536,2,2863180,-1
STD,normal,65536,3,2516008,-1
STD,normal,65536,4,2408056,-1
STD,normal,131072,0,5079461,-1
STD,normal,131072,1,5629757,-1
STD,normal,131072,2,4964373,-1
STD,normal,131072,3,5157764,-1
STD,normal,131072,4,5049413,-1
STD,normal,262144,0,9564869,-1
STD,normal,262144,1,9781329,-1
STD,normal,262144,2,9638221,-1
STD,normal,262144,3,9536843,-1
STD,normal,262144,4,10854395,-1
STD,normal,524288,0,20477608,-1
STD,normal,524288,1,19658151,-1
STD,normal,524288,2,19382451,-1
STD,normal,524288,3,18879074,-1
STD,normal,524288,4,19876080,-1
STD,normal,1048576,0,38514126,-1
STD,normal,1048576,1,39104371,-1
STD,normal,1048576,2,37071570,-1
STD,normal,1048576,3,36142030,-1
STD,normal,1048576,4,37671464,-1
STD,stock,1024,0,23887,-1
STD,stock,1024,1,16033,-1
STD,stock,1024,2,10365,-1
STD,stock,1024,3,8225,-1
STD,stock,1024,4,6978,-1
STD,stock,2048,0,44953,-1
STD,stock,2048,1,39585,-1
STD,stock,2048,2,32643,-1
STD,stock,2048,3,28759,-1
STD,stock,2048,4,26542,-1
STD,stock,4096,0,100859,-1
STD,stock,4096,1,97274,-1
STD,stock,4096,2,95565,-1
STD,stock,4096,3,137626,-1
STD,stock,4096,4,92041,-1
STD,stock,8192,0,202070,-1
STD,stock,8192,1,194447,-1
STD,stock,8192,2,205945,-1
STD,stock,8192,3,190780,-1
STD,stock,8192,4,189082,-1
STD,stock,16384,0,415265,-1
STD,stock,16384,1,407219,-1
STD,stock,16384,2,405033,-1
STD,stock,16384,3,411327,-1
STD,stock,16384,4,436429,-1
STD,stock,32768,0,947325,-1
STD,stock,32768,1,1045373,-1
STD,stock,32768,2,949416,-1
STD,stock,32768,3,925931,-1
STD,stock,32768,4,921158,-1
STD,stock,65536,0,1871560,-1
STD,stock,65536,1,1856924,-1
STD,stock,65536,2,1863437,-1
STD,stock,65536,3,1792212,-1
STD,stock,65536,4,1806323,-1
STD,stock,131072,0,4042148,-1
STD,stock,131072,1,4163599,-1
STD,stock,131072,2,4114189,-1
STD,stock,131072,3,3991066,-1
STD,stock,131072,4,4368485,-1
STD,stock,262144,0,8748954,-1
STD,stock,262144,1,8887609,-1
STD,stock,262144,2,8372177,-1
STD,stock,262144,3,8535550,-1
STD,stock,262144,4,8428439,-1
STD,stock,524288,0,17551633,-1
STD,stock,524288,1,17542653,-1
STD,stock,524288,2,17678387,-1
STD,stock,524288,3,19115354,-1
STD,stock,524288,4,18291648,-1
STD,stock,1007339,0,35030165,-1
STD,stock,1007339,1,34595466,-1
STD,stock,1007339,2,34591834,-1
STD,stock,1007339,3,35871885,-1
STD,stock,1007339,4,35559201,-1
