density,sparsity_pct,algo,n,trial,s,sampling_ratio,rel_error,runtime_sec,speedup
0.1,90.0,rmm_uniform,512,0,3,0.005,13.491771601030116,0.0026268999790772796,189.41988805267863
0.1,90.0,rmm_importance,512,0,3,0.005,12.856301025982852,0.005106600001454353,97.43999918158656
0.1,90.0,rmm_uniform,512,0,5,0.01,9.736328665887774,0.0024568000226281583,202.53463667348433
0.1,90.0,rmm_importance,512,0,5,0.01,9.925952423719067,0.0050975000485777855,97.61394707612217
0.1,90.0,rmm_uniform,512,0,10,0.02,7.058055237603954,0.002925200038589537,170.103614589834
0.1,90.0,rmm_importance,512,0,10,0.02,6.9686991757571555,0.005557399999815971,89.53595206011433
0.1,90.0,rmm_uniform,512,0,26,0.05,4.2834439102485495,0.003931599960196763,126.56096881675103
0.1,90.0,rmm_importance,512,0,26,0.05,4.4450637206649315,0.006391100003384054,77.85625318003667
0.1,90.0,rmm_uniform,512,0,51,0.1,3.325349142686304,0.007952800020575523,62.56753579557418
0.1,90.0,rmm_importance,512,0,51,0.1,3.274933935497305,0.007379600021522492,67.42738068610723
0.1,90.0,rmm_uniform,512,0,102,0.2,2.3088843402431944,0.004672400013078004,106.49497015873223
0.1,90.0,rmm_importance,512,0,102,0.2,2.2453460281851236,0.013006699969992042,38.25621419040902
0.1,90.0,rmm_uniform,512,1,3,0.005,13.510751664527472,0.0028528000111691654,189.9691874214241
0.1,90.0,rmm_importance,512,1,3,0.005,12.865878720167085,0.006592900026589632,82.20117062475346
0.1,90.0,rmm_uniform,512,1,5,0.01,12.17855632994597,0.0030104999896138906,180.01797105707433
0.1,90.0,rmm_importance,512,1,5,0.01,9.90703244683538,0.006863600050564855,78.9591607909956
0.1,90.0,rmm_uniform,512,1,10,0.02,7.210398017414729,0.002736700000241399,198.0283187597589
0.1,90.0,rmm_importance,512,1,10,0.02,6.984086258611786,0.006825099990237504,79.40456561410421
0.1,90.0,rmm_uniform,512,1,26,0.05,4.629207381257537,0.00375729997176677,144.2376451361165
0.1,90.0,rmm_importance,512,1,26,0.05,4.263399693739807,0.006520099996123463,83.11898595418012
0.1,90.0,rmm_uniform,512,1,51,0.1,3.0773398941463395,0.0047101000091061,115.05999850319274
0.1,90.0,rmm_importance,512,1,51,0.1,3.1617780070037282,0.007926299993414432,68.37289787768698
0.1,90.0,rmm_uniform,512,1,102,0.2,2.162410188123776,0.0058246999979019165,93.04240565056512
0.1,90.0,rmm_importance,512,1,102,0.2,2.2427799164863753,0.008505699981469661,63.71540275089692
0.1,90.0,rmm_uniform,512,2,3,0.005,11.763323794917113,0.005124899966176599,114.68536047390525
0.1,90.0,rmm_importance,512,2,3,0.005,12.822432357456975,0.004511800012551248,130.26973677437394
0.1,90.0,rmm_uniform,512,2,5,0.01,9.31401561669245,0.002571800025179982,228.5368202267342
0.1,90.0,rmm_importance,512,2,5,0.01,9.928868103253826,0.006300400011241436,93.28788631911915
0.1,90.0,rmm_uniform,512,2,10,0.02,6.551589578970463,0.002554799953941256,230.0575429034874
0.1,90.0,rmm_importance,512,2,10,0.02,6.9626248751828,0.004640900006052107,126.64590903643551
0.1,90.0,rmm_uniform,512,2,26,0.05,4.435957502337233,0.0029554999782703817,198.8668598663404
0.1,90.0,rmm_importance,512,2,26,0.05,4.421633248018668,0.004804299969691783,122.33853084144013
0.1,90.0,rmm_uniform,512,2,51,0.1,3.0743399135366505,0.002861599961761385,205.3924405464043
0.1,90.0,rmm_importance,512,2,51,0.1,3.0854625814789687,0.005648199992720038,104.05987761963459
0.1,90.0,rmm_uniform,512,2,102,0.2,2.220131196779521,0.0036631000111810863,160.45180263155322
0.1,90.0,rmm_importance,512,2,102,0.2,2.1630265974189062,0.008515299996361136,69.02293521835205
0.1,90.0,rmm_uniform,512,3,3,0.005,11.596664338955758,0.002590599993709475,216.01767981872356
0.1,90.0,rmm_importance,512,3,3,0.005,12.809887869297826,0.00456050003413111,122.70921955735528
0.1,90.0,rmm_uniform,512,3,5,0.01,9.551156038475584,0.003637000045273453,153.86730630008697
0.1,90.0,rmm_importance,512,3,5,0.01,9.904774896384492,0.0056989999720826745,98.19536808578218
0.1,90.0,rmm_uniform,512,3,10,0.02,6.961142621615159,0.0029684000182896852,188.52425432268944
0.1,90.0,rmm_importance,512,3,10,0.02,6.976295175998932,0.006543900002725422,85.51710749651589
0.1,90.0,rmm_uniform,512,3,26,0.05,4.173241247710103,0.003444799978751689,162.4522188316755
0.1,90.0,rmm_importance,512,3,26,0.05,4.25424708096079,0.007067499973345548,79.18152134277477
0.1,90.0,rmm_uniform,512,3,51,0.1,3.116501433853529,0.003151999961119145,177.54295903633965
0.1,90.0,rmm_importance,512,3,51,0.1,3.1949995128318505,0.0052829000051133335,105.92958402352255
0.1,90.0,rmm_uniform,512,3,102,0.2,2.281281360765426,0.00390549999428913,143.2890541026311
0.1,90.0,rmm_importance,512,3,102,0.2,2.187333480470247,0.007094800006598234,78.87683929907435
0.1,90.0,rmm_uniform,512,4,3,0.005,10.816729062723814,0.0031603999668732285,182.05303317648844
0.1,90.0,rmm_importance,512,4,3,0.005,12.81620527882517,0.007435499981511384,77.38018982594276
0.1,90.0,rmm_uniform,512,4,5,0.01,10.268759920642191,0.0036146999918855727,159.17237981346656
0.1,90.0,rmm_importance,512,4,5,0.01,9.920277665501992,0.008533300017006695,67.42531012310164
0.1,90.0,rmm_uniform,512,4,10,0.02,7.5065381015510395,0.00377509999088943,152.40931403371582
0.1,90.0,rmm_importance,512,4,10,0.02,6.963107636639297,0.00791319995187223,72.70894246568571
0.1,90.0,rmm_uniform,512,4,26,0.05,4.610511719702526,0.004057699989061803,141.7947116768424
0.1,90.0,rmm_importance,512,4,26,0.05,4.252233781737325,0.008501600008457899,67.67671961133692
0.1,90.0,rmm_uniform,512,4,51,0.1,3.0087328526479036,0.004645700042601675,123.84794428052071
0.1,90.0,rmm_importance,512,4,51,0.1,3.265228726948498,0.008190799970179796,70.24471383929
0.1,90.0,rmm_uniform,512,4,102,0.2,2.219907156112226,0.004793800006154925,120.02177798018688
0.1,90.0,rmm_importance,512,4,102,0.2,2.111325660482939,0.00963929999852553,59.68902307306075
0.1,90.0,rmm_uniform,512,5,3,0.005,14.058828904343958,0.0032970000174827874,177.70815800048405
0.1,90.0,rmm_importance,512,5,3,0.005,12.783712835442188,0.004786700010299683,122.40244819473197
0.1,90.0,rmm_uniform,512,5,5,0.01,9.471411398598493,0.0032187000033445656,182.03119253910418
0.1,90.0,rmm_importance,512,5,5,0.01,9.916587681830489,0.00470549997407943,124.51467501050286
0.1,90.0,rmm_uniform,512,5,10,0.02,6.884928587953748,0.0030975999543443322,189.14766550558267
0.1,90.0,rmm_importance,512,5,10,0.02,6.970092582927693,0.005422300018835813,108.05447835773306
0.1,90.0,rmm_uniform,512,5,26,0.05,4.795242278237595,0.0029753000126220286,196.9225952169083
0.1,90.0,rmm_importance,512,5,26,0.05,4.588866326017011,0.005494999990332872,106.62489555326414
0.1,90.0,rmm_uniform,512,5,51,0.1,3.25959171205687,0.00579610001295805,101.08586786365905
0.1,90.0,rmm_importance,512,5,51,0.1,2.945649645917454,0.006030399992596358,97.15836441260208
0.1,90.0,rmm_uniform,512,5,102,0.2,2.202253667119818,0.00585830002091825,100.0125971599852
0.1,90.0,rmm_importance,512,5,102,0.2,2.162140624277353,0.007005200022831559,83.63841119808636
0.1,90.0,rmm_uniform,512,6,3,0.005,13.874434106052464,0.0030328999855555594,199.74582179289538
0.1,90.0,rmm_importance,512,6,3,0.005,12.802727989870554,0.004773499967996031,126.91088385715047
0.1,90.0,rmm_uniform,512,6,5,0.01,10.621698823869764,0.002463200013153255,245.94393341811158
0.1,90.0,rmm_importance,512,6,5,0.01,9.91882890420448,0.004801100003533065,126.18131252934721
0.1,90.0,rmm_uniform,512,6,10,0.02,6.791082121748954,0.0026060999953188,232.45811792281134
0.1,90.0,rmm_importance,512,6,10,0.02,6.967984715105071,0.004498900030739605,134.65715972596584
0.1,90.0,rmm_uniform,512,6,26,0.05,4.481051241918014,0.0029631000361405313,204.45111290252908
0.1,90.0,rmm_importance,512,6,26,0.05,4.264179315503032,0.004869800002779812,124.40122791175074
0.1,90.0,rmm_uniform,512,6,51,0.1,3.0031208422504725,0.0034599999780766666,175.08933637832303
0.1,90.0,rmm_importance,512,6,51,0.1,3.2019813043485073,0.006869799981359392,88.1843869798635
0.1,90.0,rmm_uniform,512,6,102,0.2,2.2073377503839504,0.0037597999908030033,161.12801253054673
0.1,90.0,rmm_importance,512,6,102,0.2,2.153729192079253,0.005598700023256242,108.20531507564375
0.1,90.0,rmm_uniform,512,7,3,0.005,12.114480217406404,0.0025654000346548855,222.35245666207817
0.1,90.0,rmm_importance,512,7,3,0.005,12.85496768347211,0.00514560000738129,110.8564597341866
0.1,90.0,rmm_uniform,512,7,5,0.01,9.475872173153983,0.0024642000207677484,231.48404967904057
0.1,90.0,rmm_importance,512,7,5,0.01,9.921552707463999,0.005558700009714812,102.6180580044937
0.1,90.0,rmm_uniform,512,7,10,0.02,7.106366355793953,0.004818800021894276,118.37449104232806
0.1,90.0,rmm_importance,512,7,10,0.02,6.975088993734273,0.004579100001137704,124.57098553968453
0.1,90.0,rmm_uniform,512,7,26,0.05,4.191113704505132,0.0026683000032790005,213.77768591444632
0.1,90.0,rmm_importance,512,7,26,0.05,4.395164615580027,0.004958599980454892,115.03710770679365
0.1,90.0,rmm_uniform,512,7,51,0.1,2.996816592365087,0.0031132999574765563,183.2213432106436
0.1,90.0,rmm_importance,512,7,51,0.1,3.202577516477962,0.005296599993016571,107.69606932344941
0.1,90.0,rmm_uniform,512,7,102,0.2,2.2327525990956945,0.004383400024380535,130.13254479486088
0.1,90.0,rmm_importance,512,7,102,0.2,2.1937344630206854,0.005566099949646741,102.4816307983648
0.1,90.0,rmm_uniform,512,8,3,0.005,13.294540993980831,0.0029064000118523836,188.28530063103162
0.1,90.0,rmm_importance,512,8,3,0.005,12.818421704335414,0.004455499991308898,122.82177108138625
0.1,90.0,rmm_uniform,512,8,5,0.01,9.17690432252247,0.0023930000024847686,228.68048450373664
0.1,90.0,rmm_importance,512,8,5,0.01,9.940333400862707,0.005142199981492013,106.41989847833185
0.1,90.0,rmm_uniform,512,8,10,0.02,7.698347037969862,0.002610500028822571,209.6274253758508
0.1,90.0,rmm_importance,512,8,10,0.02,6.942062844801545,0.004473300010431558,122.33304243165799
0.1,90.0,rmm_uniform,512,8,26,0.05,4.414486000935167,0.003132199984975159,174.71183277270842
0.1,90.0,rmm_importance,512,8,26,0.05,4.56405897266123,0.004723899997770786,115.84334982618164
0.1,90.0,rmm_uniform,512,8,51,0.1,3.0668219854337466,0.0029369000112637877,186.32993901286355
0.1,90.0,rmm_importance,512,8,51,0.1,3.378790430987846,0.005250999995041639,104.2148924971234
0.1,90.0,rmm_uniform,512,8,102,0.2,2.0782110969631917,0.0038295999984256923,142.89544605458045
0.1,90.0,rmm_importance,512,8,102,0.2,2.338591341187137,0.007037800038233399,77.75617337985976
0.1,90.0,rmm_uniform,512,9,3,0.005,10.442903025423444,0.00220470002386719,223.59096233338397
0.1,90.0,rmm_importance,512,9,3,0.005,12.853410243636935,0.0034186000120826066,144.19674669473676
0.1,90.0,rmm_uniform,512,9,5,0.01,10.623808522705195,0.0019786999910138547,249.12872200515818
0.1,90.0,rmm_importance,512,9,5,0.01,9.938697942378296,0.00578870001481846,85.15746173251286
0.1,90.0,rmm_uniform,512,9,10,0.02,7.435099652332892,0.0033885000157169998,145.4776442987834
0.1,90.0,rmm_importance,512,9,10,0.02,7.00421565721654,0.004769899998791516,103.34619176875654
0.1,90.0,rmm_uniform,512,9,26,0.05,4.331152592033351,0.0024677999899722636,199.75322230163394
0.1,90.0,rmm_importance,512,9,26,0.05,4.419803201181995,0.003961100010201335,124.44800654448608
0.1,90.0,rmm_uniform,512,9,51,0.1,3.347427768175308,0.002886400034185499,170.7840195934599
0.1,90.0,rmm_importance,512,9,51,0.1,3.2248491601268032,0.005569999979343265,88.50107752621955
0.1,90.0,rmm_uniform,512,9,102,0.2,2.182206492402652,0.003462799999397248,142.3561857683681
0.1,90.0,rmm_importance,512,9,102,0.2,2.151241739166781,0.005664500000420958,87.02462705556817
0.05,95.0,rmm_uniform,512,0,3,0.005,13.818483190069779,0.0019757000263780355,246.47248748963978
0.05,95.0,rmm_importance,512,0,3,0.005,12.67092923868309,0.0035664999741129577,136.53601670244075
0.05,95.0,rmm_uniform,512,0,5,0.01,9.0233537319441,0.002107500040438026,231.05845347150344
0.05,95.0,rmm_importance,512,0,5,0.01,9.816578208689029,0.004217899986542761,115.44979766907153
0.05,95.0,rmm_uniform,512,0,10,0.02,8.301265233954073,0.002246100048068911,216.800538539413
0.05,95.0,rmm_importance,512,0,10,0.02,6.885251455784018,0.004251600010320544,114.53469255167019
0.05,95.0,rmm_uniform,512,0,26,0.05,4.464790877411731,0.0035979999811388552,135.34066219772683
0.05,95.0,rmm_importance,512,0,26,0.05,4.209801250587422,0.004194700042717159,116.08832457047653
0.05,95.0,rmm_uniform,512,0,51,0.1,3.1667762148480683,0.003125899995211512,155.78095933353484
0.05,95.0,rmm_importance,512,0,51,0.1,3.080925406273408,0.006102299958001822,79.79871579341264
0.05,95.0,rmm_uniform,512,0,102,0.2,2.2151924364687563,0.004044100001920015,120.4113893829405
0.05,95.0,rmm_importance,512,0,102,0.2,2.133916526245891,0.004943500040099025,98.50423709614999
0.05,95.0,rmm_uniform,512,1,3,0.005,8.699684359852817,0.002010399999562651,229.9832372128085
0.05,95.0,rmm_importance,512,1,3,0.005,12.630809970555367,0.0037263999693095684,124.07640183555324
0.05,95.0,rmm_uniform,512,1,5,0.01,9.822082715324301,0.0020163999870419502,229.29890049757677
0.05,95.0,rmm_importance,512,1,5,0.01,9.747031334608977,0.004292700032237917,107.70803841865596
0.05,95.0,rmm_uniform,512,1,10,0.02,6.21346131660638,0.0025177000206895173,183.6431251509551
0.05,95.0,rmm_importance,512,1,10,0.02,6.872522049509737,0.003700300003401935,124.95157137717756
0.05,95.0,rmm_uniform,512,1,26,0.05,3.9462075520809257,0.0025050999829545617,184.56680497308264
0.05,95.0,rmm_importance,512,1,26,0.05,4.1812154524794645,0.0052494999836198986,88.0766361433949
0.05,95.0,rmm_uniform,512,1,51,0.1,2.975269000929006,0.002787899982649833,165.84465112431567
0.05,95.0,rmm_importance,512,1,51,0.1,3.363969707825736,0.004385599982924759,105.42646429045729
0.05,95.0,rmm_uniform,512,1,102,0.2,2.413231135267708,0.0031967999530024827,144.63160247415337
0.05,95.0,rmm_importance,512,1,102,0.2,2.1913847428948565,0.005710199999157339,80.97059648703689
0.05,95.0,rmm_uniform,512,2,3,0.005,13.325764792728341,0.002577000006567687,213.55393813901233
0.05,95.0,rmm_importance,512,2,3,0.005,12.65559838665811,0.005524600041098893,99.61417946869595
0.05,95.0,rmm_uniform,512,2,5,0.01,9.678649262486507,0.002293199999257922,239.98277523324438
0.05,95.0,rmm_importance,512,2,5,0.01,9.76123869630821,0.00484029995277524,113.69718929738086
0.05,95.0,rmm_uniform,512,2,10,0.02,6.555606409751206,0.0031267000013031065,176.00937082464935
0.05,95.0,rmm_importance,512,2,10,0.02,6.87815202281279,0.004851600038819015,113.43237191513256
0.05,95.0,rmm_uniform,512,2,26,0.05,4.214934801017003,0.0027635000296868384,199.14184696033954
0.05,95.0,rmm_importance,512,2,26,0.05,4.173530372746539,0.006040099950041622,91.1124823328458
0.05,95.0,rmm_uniform,512,2,51,0.1,3.4222052352988968,0.002781699993647635,197.8389119040641
0.05,95.0,rmm_importance,512,2,51,0.1,3.099896858284765,0.006714299961458892,81.96364522671907
0.05,95.0,rmm_uniform,512,2,102,0.2,2.121190196532351,0.004072999989148229,135.1162537326395
0.05,95.0,rmm_importance,512,2,102,0.2,2.086501908466261,0.007388300029560924,74.48648508924933
0.05,95.0,rmm_uniform,512,3,3,0.005,12.70069498102671,0.0024170000106096268,226.4222579977374
0.05,95.0,rmm_importance,512,3,3,0.005,12.636378147425935,0.005592799978330731,97.85127344141618
0.05,95.0,rmm_uniform,512,3,5,0.01,9.95262755692345,0.0021740999654866755,251.71915214132363
0.05,95.0,rmm_importance,512,3,5,0.01,9.778402432857007,0.0039771999581716955,137.59997127083386
0.05,95.0,rmm_uniform,512,3,10,0.02,6.357126842383663,0.0025304000009782612,216.27513427569292
0.05,95.0,rmm_importance,512,3,10,0.02,6.880618232287838,0.004483399970922619,122.06419314183297
0.05,95.0,rmm_uniform,512,3,26,0.05,4.42874679884938,0.0024409000179730356,224.20525050314964
0.05,95.0,rmm_importance,512,3,26,0.05,4.50024976330616,0.009767099982127547,56.03122738419822
0.05,95.0,rmm_uniform,512,3,51,0.1,3.136496716325977,0.0030929999775253236,176.93585643691014
0.05,95.0,rmm_importance,512,3,51,0.1,2.9245805201663315,0.006433800037484616,85.0605546946322
0.05,95.0,rmm_uniform,512,3,102,0.2,2.2876048830260958,0.0046113000134937465,118.6785935379108
0.05,95.0,rmm_importance,512,3,102,0.2,2.1278885904198455,0.007104799966327846,77.02716509633733
0.05,95.0,rmm_uniform,512,4,3,0.005,12.046645685356344,0.0020944999996572733,255.74905711648614
0.05,95.0,rmm_importance,512,4,3,0.005,12.64863679106728,0.004356799996457994,122.94950433306924
0.05,95.0,rmm_uniform,512,4,5,0.01,7.837385880060367,0.0021459999843500555,249.61155822424755
0.05,95.0,rmm_importance,512,4,5,0.01,9.764637811313355,0.003882399993017316,137.97300664698386
0.05,95.0,rmm_uniform,512,4,10,0.02,6.497807950704144,0.004207000019960105,127.32740610918938
0.05,95.0,rmm_importance,512,4,10,0.02,7.5439826646205175,0.004059500002767891,131.95378733282288
0.05,95.0,rmm_uniform,512,4,26,0.05,4.588081627044444,0.0024692000006325543,216.93925154122886
0.05,95.0,rmm_importance,512,4,26,0.05,4.363139376205352,0.00439439999172464,121.89750615591979
0.05,95.0,rmm_uniform,512,4,51,0.1,3.0265253710923647,0.0028381000156514347,188.74119907288596
0.05,95.0,rmm_importance,512,4,51,0.1,3.0907517688973996,0.0048399000079371035,110.67716257864255
0.05,95.0,rmm_uniform,512,4,102,0.2,2.121517098090678,0.006218799971975386,86.13661839209713
0.05,95.0,rmm_importance,512,4,102,0.2,2.213278692070351,0.005633399996440858,95.08758482998871
0.05,95.0,rmm_uniform,512,5,3,0.005,9.643568994874467,0.0023569000186398625,209.88667149536613
0.05,95.0,rmm_importance,512,5,3,0.005,12.654582285768939,0.005521500017493963,89.5919403046942
0.05,95.0,rmm_uniform,512,5,5,0.01,10.64774265991361,0.002468799997586757,200.37342046469414
0.05,95.0,rmm_importance,512,5,5,0.01,9.784677900500284,0.004170399974100292,118.61737555914122
0.05,95.0,rmm_uniform,512,5,10,0.02,6.694046314860413,0.002332200005184859,212.10955272272062
0.05,95.0,rmm_importance,512,5,10,0.02,6.879373535751521,0.005651300016324967,87.53417771675447
0.05,95.0,rmm_uniform,512,5,26,0.05,4.584723949507603,0.0027602000045590103,179.21958522665867
0.05,95.0,rmm_importance,512,5,26,0.05,4.379664313254254,0.0064079000148922205,77.19875447650966
0.05,95.0,rmm_uniform,512,5,51,0.1,2.975342253102611,0.002904399996623397,170.32154680305584
0.05,95.0,rmm_importance,512,5,51,0.1,2.901413317262745,0.005498000013176352,89.97488155222744
0.05,95.0,rmm_uniform,512,5,102,0.2,2.2128231870047568,0.003715700004249811,133.13289538818998
0.05,95.0,rmm_importance,512,5,102,0.2,2.2774022946601886,0.00580789998639375,85.17397013009617
0.05,95.0,rmm_uniform,512,6,3,0.005,13.512907509615209,0.002224600000772625,226.7496178078078
0.05,95.0,rmm_importance,512,6,3,0.005,12.600248123770896,0.00432629999704659,116.59552048974784
0.05,95.0,rmm_uniform,512,6,5,0.01,9.704471513598103,0.002486799960024655,202.84188839436877
0.05,95.0,rmm_importance,512,6,5,0.01,9.743738234667376,0.004915099998470396,102.62806455767371
0.05,95.0,rmm_uniform,512,6,10,0.02,7.494954425298179,0.0022692999918945134,222.28317179401358
0.05,95.0,rmm_importance,512,6,10,0.02,6.848653509558074,0.00446259998716414,113.034374893859
0.05,95.0,rmm_uniform,512,6,26,0.05,4.020797247187041,0.0034453999833203852,146.4059912905431
0.05,95.0,rmm_importance,512,6,26,0.05,4.5211828952349915,0.00463149999268353,108.91227480239557
0.05,95.0,rmm_uniform,512,6,51,0.1,2.750578514640371,0.0039166000206023455,128.79211492034472
0.05,95.0,rmm_importance,512,6,51,0.1,3.0451414632713085,0.004950300033669919,101.89830849030038
0.05,95.0,rmm_uniform,512,6,102,0.2,2.1477745917149305,0.008259499969426543,61.07236537534174
0.05,95.0,rmm_importance,512,6,102,0.2,2.151620603225155,0.006082399981096387,82.93226382976475
0.05,95.0,rmm_uniform,512,7,3,0.005,16.290156164050245,0.0020464000408537686,239.03043893109415
0.05,95.0,rmm_importance,512,7,3,0.005,12.571707853117369,0.003965299983974546,123.35810707153429
0.05,95.0,rmm_uniform,512,7,5,0.01,10.725841861621557,0.002131399989593774,229.49793674678273
0.05,95.0,rmm_importance,512,7,5,0.01,9.7483402392691,0.0036294999881647527,134.771153489168
0.05,95.0,rmm_uniform,512,7,10,0.02,6.87727880227906,0.0021010999917052686,232.80753030553578
0.05,95.0,rmm_importance,512,7,10,0.02,6.851007471946582,0.00452479999512434,108.10464562432965
0.05,95.0,rmm_uniform,512,7,26,0.05,4.129423791853119,0.002841999987140298,172.11537727207522
0.05,95.0,rmm_importance,512,7,26,0.05,4.168647032620471,0.0049857000121846795,98.11097715434833
0.05,95.0,rmm_uniform,512,7,51,0.1,3.084105584356627,0.005199999955948442,94.06767387263709
0.05,95.0,rmm_importance,512,7,51,0.1,3.078446446416597,0.005011199973523617,97.61173023992076
0.05,95.0,rmm_uniform,512,7,102,0.2,2.2699917047605505,0.003596399968955666,136.01154048945418
0.05,95.0,rmm_importance,512,7,102,0.2,2.3635132258653435,0.0061654000310227275,79.33822583005112
0.05,95.0,rmm_uniform,512,8,3,0.005,11.583220743887424,0.0024896999821066856,199.44595877933412
0.05,95.0,rmm_importance,512,8,3,0.005,12.611638404414203,0.004380799946375191,113.34929832051073
0.05,95.0,rmm_uniform,512,8,5,0.01,9.728710656007506,0.0024101000162772834,206.0331922536402
0.05,95.0,rmm_importance,512,8,5,0.01,9.773940443174544,0.0049591000424697995,100.13119230336297
0.05,95.0,rmm_uniform,512,8,10,0.02,6.740389449471179,0.0024251999566331506,204.75037476642652
0.05,95.0,rmm_importance,512,8,10,0.02,6.86625961064762,0.0041313000256195664,120.19475635388893
0.05,95.0,rmm_uniform,512,8,26,0.05,4.38018665025746,0.0027882999856956303,178.0872225196659
0.05,95.0,rmm_importance,512,8,26,0.05,4.367219920379412,0.0077046999940648675,64.44905062970298
0.05,95.0,rmm_uniform,512,8,51,0.1,3.169610375849899,0.0027642000350169837,179.63989353654281
0.05,95.0,rmm_importance,512,8,51,0.1,3.1090401769949914,0.00455289997626096,109.06468461711214
0.05,95.0,rmm_uniform,512,8,102,0.2,2.261081231585057,0.004027900053188205,123.28026848906447
0.05,95.0,rmm_importance,512,8,102,0.2,2.159260942861074,0.005474700010381639,90.70096974492377
0.05,95.0,rmm_uniform,512,9,3,0.005,15.729810006670364,0.002306999987922609,236.87789463267836
0.05,95.0,rmm_importance,512,9,3,0.005,12.671769698815362,0.0042845000280067325,127.54750764022245
0.05,95.0,rmm_uniform,512,9,5,0.01,10.462451142322532,0.0024924000026658177,219.25746247481206
0.05,95.0,rmm_importance,512,9,5,0.01,9.764439544660778,0.004370899987407029,125.02626498688467
0.05,95.0,rmm_uniform,512,9,10,0.02,6.939433069288935,0.002866599999833852,190.63604970641032
0.05,95.0,rmm_importance,512,9,10,0.02,6.899094771252423,0.004162499972153455,131.28583872974872
0.05,95.0,rmm_uniform,512,9,26,0.05,5.284409585315481,0.008166999963577837,66.91285692345207
0.05,95.0,rmm_importance,512,9,26,0.05,4.527321469699846,0.005564699997194111,98.20426983166608
0.05,95.0,rmm_uniform,512,9,51,0.1,3.0913793042460775,0.004254399973433465,128.44991149614307
0.05,95.0,rmm_importance,512,9,51,0.1,3.0732664528678897,0.0050385999493300915,108.45816408373105
0.05,95.0,rmm_uniform,512,9,102,0.2,2.264257934202337,0.00456329999724403,119.75484854968175
0.05,95.0,rmm_importance,512,9,102,0.2,2.145292423737027,0.006326799979433417,86.37499238685598
0.01,99.0,rmm_uniform,512,0,3,0.005,10.6761560145074,0.002485700009856373,203.95558512187185
0.01,99.0,rmm_importance,512,0,3,0.005,11.01228283842512,0.004319299943745136,117.37374263203368
0.01,99.0,rmm_uniform,512,0,5,0.01,6.040546224391716,0.003512499970383942,144.33378056150798
0.01,99.0,rmm_importance,512,0,5,0.01,8.566761219124391,0.004171999986283481,121.51783356052273
0.01,99.0,rmm_uniform,512,0,10,0.02,12.197388103347196,0.002367999986745417,214.09307550059694
0.01,99.0,rmm_importance,512,0,10,0.02,5.920234819561579,0.007664600037969649,66.14466474913361
0.01,99.0,rmm_uniform,512,0,26,0.05,5.096043598178836,0.002579999971203506,196.50093240551826
0.01,99.0,rmm_importance,512,0,26,0.05,3.6706900897300763,0.004340799991041422,116.79238872880411
0.01,99.0,rmm_uniform,512,0,51,0.1,3.2870585936414014,0.006245199998375028,81.17792866195013
0.01,99.0,rmm_importance,512,0,51,0.1,2.6620449682886402,0.004583300033118576,110.61296364723133
0.01,99.0,rmm_uniform,512,0,102,0.2,2.272596555369892,0.003796400036662817,133.54030003470012
0.01,99.0,rmm_importance,512,0,102,0.2,1.9227901700578418,0.007269199995789677,69.74253016031169
0.01,99.0,rmm_uniform,512,1,3,0.005,19.45398192050242,0.002242000016849488,225.55071194433395
0.01,99.0,rmm_importance,512,1,3,0.005,11.040971966809618,0.004799799993634224,105.35536910918776
0.01,99.0,rmm_uniform,512,1,5,0.01,8.785716685255517,0.0026516999932937324,190.70207838688762
0.01,99.0,rmm_importance,512,1,5,0.01,8.536211354640493,0.004093899973668158,123.52150839838774
0.01,99.0,rmm_uniform,512,1,10,0.02,5.395194037541244,0.0025417000288143754,198.95530324068062
0.01,99.0,rmm_importance,512,1,10,0.02,5.973035670752416,0.004578899999614805,110.43803097297406
0.01,99.0,rmm_uniform,512,1,26,0.05,4.977655662237145,0.0022770999930799007,222.07399829449074
0.01,99.0,rmm_importance,512,1,26,0.05,3.580080997334439,0.0037072999984957278,136.40242229784403
0.01,99.0,rmm_uniform,512,1,51,0.1,3.4285103459678026,0.0047076999908313155,107.41650932822373
0.01,99.0,rmm_importance,512,1,51,0.1,2.762748038351293,0.00532779999775812,94.91435492931366
0.01,99.0,rmm_uniform,512,1,102,0.2,2.4840821390092223,0.003528999979607761,143.29405012799583
0.01,99.0,rmm_importance,512,1,102,0.2,1.9096014791317621,0.005885999999009073,85.913132868628
0.01,99.0,rmm_uniform,512,2,3,0.005,9.084292364259616,0.002321200037840754,223.5447576707437
0.01,99.0,rmm_importance,512,2,3,0.005,11.21237847665152,0.004761099989991635,108.98575981500109
0.01,99.0,rmm_uniform,512,2,5,0.01,8.883948317387146,0.002298499981407076,225.75249256551288
0.01,99.0,rmm_importance,512,2,5,0.01,8.697953287655043,0.005324700032360852,97.45001536440869
0.01,99.0,rmm_uniform,512,2,10,0.02,7.94743934470398,0.0027280000504106283,190.20971054832896
0.01,99.0,rmm_importance,512,2,10,0.02,6.652253134764238,0.0052358999964781106,99.10275221327018
0.01,99.0,rmm_uniform,512,2,26,0.05,4.240806514318728,0.002557499974500388,202.89036369034525
0.01,99.0,rmm_importance,512,2,26,0.05,4.136014086511512,0.006487299979198724,79.98583411099222
0.01,99.0,rmm_uniform,512,2,51,0.1,3.001691466152979,0.00360029999865219,144.12468409818212
0.01,99.0,rmm_importance,512,2,51,0.1,2.7556886514616132,0.0058055000263266265,89.37939843448012
0.01,99.0,rmm_uniform,512,2,102,0.2,2.2518799560836418,0.003920800052583218,132.34342302728766
0.01,99.0,rmm_importance,512,2,102,0.2,1.813931198055639,0.006997200020123273,74.15710548107081
0.01,99.0,rmm_uniform,512,3,3,0.005,21.087950434432877,0.0022708000033162534,228.91853057595262
0.01,99.0,rmm_importance,512,3,3,0.005,11.037159994349105,0.004126899992115796,125.96093944222706
0.01,99.0,rmm_uniform,512,3,5,0.01,10.152011171397232,0.0019993000314570963,260.0050976902014
0.01,99.0,rmm_importance,512,3,5,0.01,8.537900417640682,0.004063199972733855,127.93566732608227
0.01,99.0,rmm_uniform,512,3,10,0.02,8.359230316576177,0.0025114999734796584,206.9791779733958
0.01,99.0,rmm_importance,512,3,10,0.02,5.961734417765126,0.0038476999616250396,135.1010227344963
0.01,99.0,rmm_uniform,512,3,26,0.05,3.9431409553400028,0.0023666999768465757,219.64262689673552
0.01,99.0,rmm_importance,512,3,26,0.05,4.072768111962621,0.0053931999718770385,96.38585676438493
0.01,99.0,rmm_uniform,512,3,51,0.1,3.081282034434084,0.0037374000530689955,139.08818767318314
0.01,99.0,rmm_importance,512,3,51,0.1,2.5859529195427076,0.004660999984480441,111.5271833773606
0.01,99.0,rmm_uniform,512,3,102,0.2,2.232210458785679,0.00420179998036474,123.71559865300894
0.01,99.0,rmm_importance,512,3,102,0.2,1.8259906795273966,0.005262999970000237,98.77032167093127
0.01,99.0,rmm_uniform,512,4,3,0.005,12.93064205078425,0.0023750000400468707,206.4017649297746
0.01,99.0,rmm_importance,512,4,3,0.005,11.105123156806771,0.0038199000409804285,128.32906482237217
0.01,99.0,rmm_uniform,512,4,5,0.01,10.227700526876845,0.002112999965902418,231.99441925433425
0.01,99.0,rmm_importance,512,4,5,0.01,8.583526190497174,0.0038509000441990793,127.29600725741857
0.01,99.0,rmm_uniform,512,4,10,0.02,6.339674993128921,0.0020555999944917858,238.47256338174617
0.01,99.0,rmm_importance,512,4,10,0.02,6.0423692644481095,0.0037138000479899347,131.99531305926894
0.01,99.0,rmm_uniform,512,4,26,0.05,4.630298216792849,0.0038841000059619546,126.20792441531206
0.01,99.0,rmm_importance,512,4,26,0.05,3.6908029496466264,0.004655699944123626,105.291192700829
0.01,99.0,rmm_uniform,512,4,51,0.1,3.248006467244691,0.0029898000066168606,163.95885975284853
0.01,99.0,rmm_importance,512,4,51,0.1,2.6509431212036687,0.004616499994881451,106.18524867702239
0.01,99.0,rmm_uniform,512,4,102,0.2,2.2553166990046,0.003911099978722632,125.33665788161737
0.01,99.0,rmm_importance,512,4,102,0.2,1.960982657229078,0.005985399999190122,81.89998998233844
0.01,99.0,rmm_uniform,512,5,3,0.005,6.525681058036044,0.002525000018067658,193.97045404510968
0.01,99.0,rmm_importance,512,5,3,0.005,10.970129090456107,0.004082900006324053,119.95772593251726
0.01,99.0,rmm_uniform,512,5,5,0.01,12.9392267167358,0.0022862000041641295,214.23121296317348
0.01,99.0,rmm_importance,512,5,5,0.01,8.504851991777173,0.00395740004023537,123.76191312197082
0.01,99.0,rmm_uniform,512,5,10,0.02,3.891939881997526,0.0023318000021390617,210.0417701000092
0.01,99.0,rmm_importance,512,5,10,0.02,5.926715369196162,0.004037800012156367,121.29758742234775
0.01,99.0,rmm_uniform,512,5,26,0.05,4.047722400920656,0.002723100013099611,179.85949748903982
0.01,99.0,rmm_importance,512,5,26,0.05,3.860050832174046,0.004615299985744059,106.11994918669068
0.01,99.0,rmm_uniform,512,5,51,0.1,3.2498246478984503,0.002991699962876737,163.71140356519544
0.01,99.0,rmm_importance,512,5,51,0.1,2.6069302953905713,0.005611300002783537,87.28376663616919
0.01,99.0,rmm_uniform,512,5,102,0.2,2.2272578560306537,0.0043759000254794955,111.9256374955289
0.01,99.0,rmm_importance,512,5,102,0.2,1.8305355270551629,0.005646300036460161,86.74271590348376
0.01,99.0,rmm_uniform,512,6,3,0.005,18.846416804412005,0.0022104999516159296,222.0963631336551
0.01,99.0,rmm_importance,512,6,3,0.005,10.906129160874542,0.0039053999935276806,125.70901848073116
0.01,99.0,rmm_uniform,512,6,5,0.01,6.752635924013417,0.00196309998864308,250.08608975662284
0.01,99.0,rmm_importance,512,6,5,0.01,8.468463667448646,0.0039246000233106315,125.09402156780256
0.01,99.0,rmm_uniform,512,6,10,0.02,7.510873438822965,0.002235200023278594,219.6420878883588
0.01,99.0,rmm_importance,512,6,10,0.02,5.983308942938799,0.0053109999862499535,92.43908891584643
0.01,99.0,rmm_uniform,512,6,26,0.05,4.321826956400324,0.0025099999620579183,195.5952220646647
0.01,99.0,rmm_importance,512,6,26,0.05,3.774335439335465,0.00576339999679476,85.18305171149854
0.01,99.0,rmm_uniform,512,6,51,0.1,3.2276860515838712,0.003646099998150021,134.64907715370302
0.01,99.0,rmm_importance,512,6,51,0.1,2.6123264375987327,0.005174799996893853,94.87207240003578
0.01,99.0,rmm_uniform,512,6,102,0.2,2.068256165052356,0.003541799960657954,138.61426546230373
0.01,99.0,rmm_importance,512,6,102,0.2,1.7705977070658496,0.006367499998304993,77.10153122759422
0.01,99.0,rmm_uniform,512,7,3,0.005,8.40115842750611,0.0026935000205412507,177.82962554029825
0.01,99.0,rmm_importance,512,7,3,0.005,11.25578921486862,0.003942399984225631,121.49556157725044
0.01,99.0,rmm_uniform,512,7,5,0.01,9.431951503271366,0.0021835999796167016,219.35524112329165
0.01,99.0,rmm_importance,512,7,5,0.01,8.731806441157614,0.003994200029410422,119.9199079962799
0.01,99.0,rmm_uniform,512,7,10,0.02,7.227681832113383,0.0024734000326134264,193.6541173000372
0.01,99.0,rmm_importance,512,7,10,0.02,6.109374593604623,0.00422989996150136,113.23768987567871
0.01,99.0,rmm_uniform,512,7,26,0.05,4.462145014486145,0.003149299998767674,152.09224279460943
0.01,99.0,rmm_importance,512,7,26,0.05,3.868509726806138,0.004792599997017533,99.94243215451141
0.01,99.0,rmm_uniform,512,7,51,0.1,3.1052449787249827,0.0029291000100784004,163.52603133985028
0.01,99.0,rmm_importance,512,7,51,0.1,2.8355830892773817,0.004433499998413026,108.0374648059296
0.01,99.0,rmm_uniform,512,7,102,0.2,2.3375418705931006,0.0054281000047922134,88.24157617265044
0.01,99.0,rmm_importance,512,7,102,0.2,1.9838963935024707,0.005446699971798807,87.94023950752859
0.01,99.0,rmm_uniform,512,8,3,0.005,7.3914961718974395,0.0021963000181131065,217.56585897431174
0.01,99.0,rmm_importance,512,8,3,0.005,10.972682859328524,0.004573000012896955,104.49155885817878
0.01,99.0,rmm_uniform,512,8,5,0.01,8.882536538130221,0.002712200046516955,176.18165762504248
0.01,99.0,rmm_importance,512,8,5,0.01,8.41005238759357,0.004433499998413026,107.77938427362524
0.01,99.0,rmm_uniform,512,8,10,0.02,8.047397670307863,0.0021597000304609537,221.2529023783396
0.01,99.0,rmm_importance,512,8,10,0.02,5.931022809125355,0.0042081999708898365,113.54971325305954
0.01,99.0,rmm_uniform,512,8,26,0.05,5.5852125084712485,0.0034696999937295914,137.71792975462495
0.01,99.0,rmm_importance,512,8,26,0.05,3.7331847429624556,0.004185500030871481,114.16554688367339
0.01,99.0,rmm_uniform,512,8,51,0.1,3.221169831316204,0.0027993000112473965,170.69978140468916
0.01,99.0,rmm_importance,512,8,51,0.1,2.862087199949165,0.006518399983178824,73.30631769133115
0.01,99.0,rmm_uniform,512,8,102,0.2,2.4219413261292804,0.0035027999547310174,136.41655423704267
0.01,99.0,rmm_importance,512,8,102,0.2,1.8998254291114507,0.008699199999682605,54.92917739832498
0.01,99.0,rmm_uniform,512,9,3,0.005,8.837695384152426,0.0024282000376842916,202.77501540829778
0.01,99.0,rmm_importance,512,9,3,0.005,10.920864182089359,0.004448799998499453,110.6766544285958
0.01,99.0,rmm_uniform,512,9,5,0.01,9.225713135218077,0.0023308999952860177,211.23956456803856
0.01,99.0,rmm_importance,512,9,5,0.01,8.44396546247017,0.005190900003071874,94.85412929636122
0.01,99.0,rmm_uniform,512,9,10,0.02,8.411765914301942,0.0022797000128775835,215.98381246414525
0.01,99.0,rmm_importance,512,9,10,0.02,5.9076892529061755,0.005297199997585267,92.95067210607728
0.01,99.0,rmm_uniform,512,9,26,0.05,5.948513774411753,0.0034303999855183065,143.53378676961105
0.01,99.0,rmm_importance,512,9,26,0.05,3.5924380467930463,0.004479900002479553,109.90832379815129
0.01,99.0,rmm_uniform,512,9,51,0.1,2.759624538978294,0.0032917000353336334,149.58176467193067
0.01,99.0,rmm_importance,512,9,51,0.1,2.786126625239635,0.0063936999649740756,77.00991644168556
0.01,99.0,rmm_uniform,512,9,102,0.2,2.54247330907237,0.004114300012588501,119.67486535968071
0.01,99.0,rmm_importance,512,9,102,0.2,2.0245827614750236,0.007558099983725697,65.14577752557702
0.001,99.9,rmm_uniform,512,0,3,0.005,1.0,0.002200599992647767,222.01258820685172
0.001,99.9,rmm_importance,512,0,3,0.005,3.5076035255166738,0.003662100003566593,133.4100378198002
0.001,99.9,rmm_uniform,512,0,5,0.01,1.0,0.00208170001860708,234.69322938403897
0.001,99.9,rmm_importance,512,0,5,0.01,3.1528590700369072,0.004542599956039339,107.5509410257826
0.001,99.9,rmm_uniform,512,0,10,0.02,3.5604859579643158,0.0031347000040113926,155.85571166316112
0.001,99.9,rmm_importance,512,0,10,0.02,1.8250071702813455,0.004322500026319176,113.02739086198306
0.001,99.9,rmm_uniform,512,0,26,0.05,8.015476746776772,0.005890599975828081,82.93907275668117
0.001,99.9,rmm_importance,512,0,26,0.05,1.230605179535286,0.004670099995564669,104.6146550265969
0.001,99.9,rmm_uniform,512,0,51,0.1,3.58072413179604,0.0038047999842092395,128.40646078725433
0.001,99.9,rmm_importance,512,0,51,0.1,0.8116418482540714,0.005557399999815971,87.91177528914383
0.001,99.9,rmm_uniform,512,0,102,0.2,2.150644546398421,0.004624499997589737,105.6462104509341
0.001,99.9,rmm_importance,512,0,102,0.2,0.5505494475389384,0.007815200020559132,62.5141901282721
0.001,99.9,rmm_uniform,512,1,3,0.005,21.563166845430676,0.002818399982061237,179.80826114669796
0.001,99.9,rmm_importance,512,1,3,0.005,4.145241150624763,0.005730300035793334,88.43718423552939
0.001,99.9,rmm_uniform,512,1,5,0.01,1.0,0.0025248000165447593,200.71752086085738
0.001,99.9,rmm_importance,512,1,5,0.01,2.1607333313586454,0.005292099958751351,95.76002039649426
0.001,99.9,rmm_uniform,512,1,10,0.02,1.276541226230752,0.002595399972051382,195.25761171591898
0.001,99.9,rmm_importance,512,1,10,0.02,1.6997604584891959,0.005273399990983307,96.09959435218573
0.001,99.9,rmm_uniform,512,1,26,0.05,1.0,0.002506100048776716,202.21523088740307
0.001,99.9,rmm_importance,512,1,26,0.05,1.0189078533031073,0.01027789997169748,49.30692080929235
0.001,99.9,rmm_uniform,512,1,51,0.1,3.050630469601069,0.002877000020816922,176.145845089851
0.001,99.9,rmm_importance,512,1,51,0.1,0.6956187512545488,0.00860219995956868,58.91186003257307
0.001,99.9,rmm_uniform,512,1,102,0.2,1.975986766814254,0.0036020000115968287,140.6917263627812
0.001,99.9,rmm_importance,512,1,102,0.2,0.5182782520999826,0.006891100027132779,73.54001509120035
0.001,99.9,rmm_uniform,512,2,3,0.005,1.0,0.0031343000009655952,163.41830707169873
0.001,99.9,rmm_importance,512,2,3,0.005,4.6017505109603025,0.0038212999934330583,134.03867817047745
0.001,99.9,rmm_uniform,512,2,5,0.01,18.97575445807852,0.00248180003836751,206.38326702160094
0.001,99.9,rmm_importance,512,2,5,0.01,2.8147963972888337,0.00444029999198392,115.35301689915102
0.001,99.9,rmm_uniform,512,2,10,0.02,2.746971032889349,0.002487400022801012,205.91862801216863
0.001,99.9,rmm_importance,512,2,10,0.02,1.9928862248746897,0.004838799999561161,105.85310408759895
0.001,99.9,rmm_uniform,512,2,26,0.05,3.100591689087233,0.0025035999715328217,204.58619820922394
0.001,99.9,rmm_importance,512,2,26,0.05,1.0048492851280284,0.005477200029417872,93.5152992882495
0.001,99.9,rmm_uniform,512,2,51,0.1,1.4020322098642726,0.0030174999847076833,169.74382853633725
0.001,99.9,rmm_importance,512,2,51,0.1,0.9071417502854064,0.0056656000087969005,90.40560562294058
0.001,99.9,rmm_uniform,512,2,102,0.2,2.3757662703705855,0.003808200010098517,134.49976331452476
0.001,99.9,rmm_importance,512,2,102,0.2,0.5594291495920622,0.00773389998357743,66.22816445781015
0.001,99.9,rmm_uniform,512,3,3,0.005,1.0,0.0024369999882765114,224.89655421393968
0.001,99.9,rmm_importance,512,3,3,0.005,4.140614735988683,0.003974200051743537,137.90772805771354
0.001,99.9,rmm_uniform,512,3,5,0.01,1.043851579088745,0.0029888999997638166,183.3694335796138
0.001,99.9,rmm_importance,512,3,5,0.01,2.264485407225881,0.0039561999728903174,138.53518622376112
0.001,99.9,rmm_uniform,512,3,10,0.02,1.0,0.002686499967239797,204.0100155094764
0.001,99.9,rmm_importance,512,3,10,0.02,1.5961810675292507,0.004145700018852949,132.202739583276
0.001,99.9,rmm_uniform,512,3,26,0.05,8.741456572397393,0.004177299968432635,131.2026677817062
0.001,99.9,rmm_importance,512,3,26,0.05,0.9781493393004365,0.005382200004532933,101.83064537200538
0.001,99.9,rmm_uniform,512,3,51,0.1,2.490345977788227,0.004649800015613437,117.87020907188261
0.001,99.9,rmm_importance,512,3,51,0.1,0.6462148609452497,0.005263399973046035,104.12906159316981
0.001,99.9,rmm_uniform,512,3,102,0.2,1.7265590883533832,0.005137600004673004,106.6787798747058
0.001,99.9,rmm_importance,512,3,102,0.2,0.5916466260975989,0.0070865000016056,77.3404219090695
0.001,99.9,rmm_uniform,512,4,3,0.005,1.0,0.0025541000068187714,220.32375337472706
0.001,99.9,rmm_importance,512,4,3,0.005,3.6628142813069196,0.004315399972256273,130.4001723164746
0.001,99.9,rmm_uniform,512,4,5,0.01,1.0,0.002271900011692196,247.69087420250779
0.001,99.9,rmm_importance,512,4,5,0.01,2.8305620712404274,0.004352600022684783,129.28569063638054
0.001,99.9,rmm_uniform,512,4,10,0.02,1.5006283772137015,0.0022075999877415597,254.90528316790582
0.001,99.9,rmm_importance,512,4,10,0.02,1.9668400850564105,0.00447589997202158,125.72419033362942
0.001,99.9,rmm_uniform,512,4,26,0.05,6.802605478871231,0.0029007999692112207,193.99093559344726
0.001,99.9,rmm_importance,512,4,26,0.05,1.2140670061492829,0.005117800028529018,109.9552340575663
0.001,99.9,rmm_uniform,512,4,51,0.1,3.38537286844489,0.002549499971792102,220.7212811228912
0.001,99.9,rmm_importance,512,4,51,0.1,0.9129777860300691,0.004842899972572923,116.19668033278883
0.001,99.9,rmm_uniform,512,4,102,0.2,1.8861919572816002,0.0032730000093579292,171.9306136229188
0.001,99.9,rmm_importance,512,4,102,0.2,0.688489969011347,0.0053388000233098865,105.40362956840134
0.001,99.9,rmm_uniform,512,5,3,0.005,16.331261584836284,0.002336599980480969,215.2185244549652
0.001,99.9,rmm_importance,512,5,3,0.005,3.511780689840464,0.0043738000094890594,114.97544445324564
0.001,99.9,rmm_uniform,512,5,5,0.01,24.339235020525706,0.002161799988243729,232.62078026430177
0.001,99.9,rmm_importance,512,5,5,0.01,2.6018396267815977,0.004100800026208162,122.62963246847379
0.001,99.9,rmm_uniform,512,5,10,0.02,14.631846615411447,0.002272700017783791,221.2696775225947
0.001,99.9,rmm_importance,512,5,10,0.02,1.9481245781886607,0.004580400011036545,109.78945044732302
0.001,99.9,rmm_uniform,512,5,26,0.05,4.447921385285413,0.014393599994946271,34.937722336120245
0.001,99.9,rmm_importance,512,5,26,0.05,1.3557570612831156,0.004231800034176558,118.83349779746081
0.001,99.9,rmm_uniform,512,5,51,0.1,1.2023325702520542,0.002650100039318204,189.7587232857788
0.001,99.9,rmm_importance,512,5,51,0.1,0.7766205588269411,0.005295399983879179,94.96536646363529
0.001,99.9,rmm_uniform,512,5,102,0.2,2.568966864285522,0.0035431000287644565,141.9320922237631
0.001,99.9,rmm_importance,512,5,102,0.2,0.5870662197776362,0.004878800013102591,103.0744442670477
0.001,99.9,rmm_uniform,512,6,3,0.005,1.0,0.00226089998614043,215.86872618651694
0.001,99.9,rmm_importance,512,6,3,0.005,3.1872589720545106,0.0038546999567188323,126.61364192368659
0.001,99.9,rmm_uniform,512,6,5,0.01,4.220049460105954,0.0022492000134661794,216.99164019260184
0.001,99.9,rmm_importance,512,6,5,0.01,2.8692876144704664,0.003774499986320734,129.30390828242972
0.001,99.9,rmm_uniform,512,6,10,0.02,2.3709353629507106,0.00207129999762401,235.62863931014326
0.001,99.9,rmm_importance,512,6,10,0.02,1.7044868537820541,0.003837500000372529,127.18113354941231
0.001,99.9,rmm_uniform,512,6,26,0.05,3.119613861677846,0.0025748000480234623,189.5516509788418
0.001,99.9,rmm_importance,512,6,26,0.05,0.9335976803731725,0.00488630001200363,99.8828559123041
0.001,99.9,rmm_uniform,512,6,51,0.1,1.9957981726434475,0.0028584999963641167,170.73905917930233
0.001,99.9,rmm_importance,512,6,51,0.1,0.7619826522073783,0.007208499999251217,67.70584727667966
0.001,99.9,rmm_uniform,512,6,102,0.2,1.691176905705509,0.003031599975656718,160.99010554237893
0.001,99.9,rmm_importance,512,6,102,0.2,0.6918461070181939,0.008463700010906905,57.664803740007784
0.001,99.9,rmm_uniform,512,7,3,0.005,1.0,0.002705099992454052,182.45758064249586
0.001,99.9,rmm_importance,512,7,3,0.005,3.8651154558467544,0.005184600013308227,95.19847215836849
0.001,99.9,rmm_uniform,512,7,5,0.01,1.0,0.002655200019944459,185.88656082848493
0.001,99.9,rmm_importance,512,7,5,0.01,3.340747418143257,0.005258799996227026,93.85525221976755
0.001,99.9,rmm_uniform,512,7,10,0.02,2.9216265095018406,0.002502900024410337,197.19764880959647
0.001,99.9,rmm_importance,512,7,10,0.02,2.0449646721300376,0.005372500047087669,91.8689615064318
0.001,99.9,rmm_uniform,512,7,26,0.05,1.0671851982710963,0.0033983999746851623,145.23481747169137
0.001,99.9,rmm_importance,512,7,26,0.05,1.3085904368382486,0.005773999961093068,85.48077647124956
0.001,99.9,rmm_uniform,512,7,51,0.1,2.03845155650191,0.003185099980328232,154.96091270840955
0.001,99.9,rmm_importance,512,7,51,0.1,0.7467954143555917,0.005662200041115284,87.1685910838965
0.001,99.9,rmm_uniform,512,7,102,0.2,2.924574335361674,0.0029817000031471252,165.53174346790456
0.001,99.9,rmm_importance,512,7,102,0.2,0.5855084901906561,0.006403599982149899,77.07633228106386
0.001,99.9,rmm_uniform,512,8,3,0.005,1.0,0.0033287000260315835,146.2937171102106
0.001,99.9,rmm_importance,512,8,3,0.005,2.867016890643949,0.0037783999578095973,128.88204144362703
0.001,99.9,rmm_uniform,512,8,5,0.01,1.0,0.00205650000134483,236.79450504963134
0.001,99.9,rmm_importance,512,8,5,0.01,2.3442538891148477,0.00434560002759099,112.05999099345753
0.001,99.9,rmm_uniform,512,8,10,0.02,4.5408913659632635,0.0019727000035345554,246.85349981269212
0.001,99.9,rmm_importance,512,8,10,0.02,1.7028206820557208,0.004788800026290119,101.688919411878
0.001,99.9,rmm_uniform,512,8,26,0.05,2.036470284169317,0.002479099959600717,196.42931220548527
0.001,99.9,rmm_importance,512,8,26,0.05,1.1857230162953016,0.004707599990069866,103.4429222916597
0.001,99.9,rmm_uniform,512,8,51,0.1,1.5984247660438728,0.002905900008045137,167.57902839217417
0.001,99.9,rmm_importance,512,8,51,0.1,0.6629971566891558,0.004373600007966161,111.34257798290704
0.001,99.9,rmm_uniform,512,8,102,0.2,2.018814110860041,0.003583499987144023,135.89169853496182
0.001,99.9,rmm_importance,512,8,102,0.2,0.4610637237529704,0.00482849997933954,100.8528325642914
0.001,99.9,rmm_uniform,512,9,3,0.005,1.0,0.0025564999668858945,192.64537702182827
0.001,99.9,rmm_importance,512,9,3,0.005,3.501224583043555,0.0035846999962814152,137.3888750768312
0.001,99.9,rmm_uniform,512,9,5,0.01,8.692231640776425,0.002079599944408983,236.8233858156749
0.001,99.9,rmm_importance,512,9,5,0.01,3.3129128805523864,0.0035149999894201756,140.11320098418142
0.001,99.9,rmm_uniform,512,9,10,0.02,1.2418041920395073,0.002451100037433207,200.92933477034606
0.001,99.9,rmm_importance,512,9,10,0.02,1.8517909894398312,0.0036705000093206763,134.17733244146606
0.001,99.9,rmm_uniform,512,9,26,0.05,3.1910359224613662,0.002836400002706796,173.6348538665317
0.001,99.9,rmm_importance,512,9,26,0.05,1.4636479672888434,0.004704799968749285,104.67988081286043
0.001,99.9,rmm_uniform,512,9,51,0.1,3.9777257874313396,0.0033948999480344355,145.0699306358554
0.001,99.9,rmm_importance,512,9,51,0.1,0.8974592467158385,0.006000099994707853,82.0816153749792
0.001,99.9,rmm_uniform,512,9,102,0.2,2.561981003098709,0.003436699975281954,143.30546847826574
0.001,99.9,rmm_importance,512,9,102,0.2,0.6038207936037348,0.006656099983956665,73.99196243507497
