matrix_type,algo,n,trial,s,sampling_ratio,rel_error,runtime_sec,speedup
Dense Gaussian,rmm_uniform,512,0,3,0.005,13.239165111354598,0.005228099995292723,113.89541144024086
Dense Gaussian,rmm_importance,512,0,3,0.005,13.00478641065577,0.006498200003989041,91.63408323059522
Dense Gaussian,rmm_uniform,512,0,5,0.01,10.154507247456493,0.003466000023763627,171.79936408886613
Dense Gaussian,rmm_importance,512,0,5,0.01,10.053294380117489,0.007658099988475442,77.7551352046434
Dense Gaussian,rmm_uniform,512,0,10,0.02,7.268457155494735,0.0037422000314109027,159.1193936765812
Dense Gaussian,rmm_importance,512,0,10,0.02,7.075541448148552,0.007416600012220442,80.28700469668625
Dense Gaussian,rmm_uniform,512,0,26,0.05,4.302966642945191,0.004553399980068207,130.77186335949042
Dense Gaussian,rmm_importance,512,0,26,0.05,4.4892101159136075,0.008681900042574853,68.58597738911392
Dense Gaussian,rmm_uniform,512,0,51,0.1,3.2600215155033068,0.0037555000162683427,158.55587736257345
Dense Gaussian,rmm_importance,512,0,51,0.1,3.3165458503250735,0.010110800038091838,58.893123963607096
Dense Gaussian,rmm_uniform,512,0,102,0.2,2.26956130720118,0.0056779999868012965,104.87083504733094
Dense Gaussian,rmm_importance,512,0,102,0.2,2.281920958907906,0.009927199978847057,59.98233150167105
Dense Gaussian,rmm_uniform,512,1,3,0.005,12.858567520589888,0.0037208000430837274,257.52845863055745
Dense Gaussian,rmm_importance,512,1,3,0.005,13.032195610869055,0.008627499977592379,111.06483946178649
Dense Gaussian,rmm_uniform,512,1,5,0.01,10.007545104274271,0.004849100019782782,197.60613228406615
Dense Gaussian,rmm_importance,512,1,5,0.01,10.081089381256366,0.009993899962864816,95.87967695578038
Dense Gaussian,rmm_uniform,512,1,10,0.02,7.251071266469383,0.004082100000232458,234.73503831687074
Dense Gaussian,rmm_importance,512,1,10,0.02,7.084919828799857,0.00991329998942092,96.65922558486375
Dense Gaussian,rmm_uniform,512,1,26,0.05,4.524388505998411,0.006189200037624687,154.81999194448562
Dense Gaussian,rmm_importance,512,1,26,0.05,4.3242831819118805,0.01179210003465414,81.25880014178223
Dense Gaussian,rmm_uniform,512,1,51,0.1,3.191651692920516,0.006870499986689538,139.46756448937367
Dense Gaussian,rmm_importance,512,1,51,0.1,3.1967165841477065,0.027191300003323704,35.239650176738074
Dense Gaussian,rmm_uniform,512,1,102,0.2,2.2373901962058818,0.007956699992064387,120.4283058206966
Dense Gaussian,rmm_importance,512,1,102,0.2,2.367553056565926,0.01185289997374639,80.84197977627906
Dense Gaussian,rmm_uniform,512,2,3,0.005,12.960853231503895,0.003943599993363023,264.5752869955324
Dense Gaussian,rmm_importance,512,2,3,0.005,13.032517306893258,0.00881259999005124,118.39628500300678
Dense Gaussian,rmm_uniform,512,2,5,0.01,10.129949553205808,0.0049041000311262906,212.75648812570728
Dense Gaussian,rmm_importance,512,2,5,0.01,10.079372205255,0.00990160001674667,105.37479783822053
Dense Gaussian,rmm_uniform,512,2,10,0.02,6.989978606763302,0.004870499949902296,214.2242297036738
Dense Gaussian,rmm_importance,512,2,10,0.02,7.1008558130098525,0.009566300024744123,109.06819745782637
Dense Gaussian,rmm_uniform,512,2,26,0.05,4.3816692494076666,0.004788800026290119,217.87902904935177
Dense Gaussian,rmm_importance,512,2,26,0.05,4.5000251569531455,0.010680600011255592,97.68918402899197
Dense Gaussian,rmm_uniform,512,2,51,0.1,3.124485148746365,0.005555399984586984,187.81349730611186
Dense Gaussian,rmm_importance,512,2,51,0.1,3.3865893276659214,0.011327499989420176,92.11027155277968
Dense Gaussian,rmm_uniform,512,2,102,0.2,2.2237872709584634,0.0071293999790214,146.34879556621794
Dense Gaussian,rmm_importance,512,2,102,0.2,2.1451834799792664,0.012212599976919591,85.43464143683309
Dense Gaussian,rmm_uniform,512,3,3,0.005,13.338066689803844,0.0038625000161118805,231.52841327273308
Dense Gaussian,rmm_importance,512,3,3,0.005,13.037561882185335,0.006843700015451759,130.67178543436748
Dense Gaussian,rmm_uniform,512,3,5,0.01,10.00205150365491,0.003283000027295202,272.3967385200017
Dense Gaussian,rmm_importance,512,3,5,0.01,10.07415308572658,0.006177200004458427,144.77085076585496
Dense Gaussian,rmm_uniform,512,3,10,0.02,7.100562533916477,0.003362800052855164,265.9327007078545
Dense Gaussian,rmm_importance,512,3,10,0.02,7.089213346277527,0.006491199950687587,137.76782517715577
Dense Gaussian,rmm_uniform,512,3,26,0.05,4.442825807293929,0.0035176000092178583,254.22972983080396
Dense Gaussian,rmm_importance,512,3,26,0.05,4.484617157003284,0.005979100009426475,149.56740957441693
Dense Gaussian,rmm_uniform,512,3,51,0.1,3.078562411598013,0.0048531999927945435,184.26574246353096
Dense Gaussian,rmm_importance,512,3,51,0.1,3.1977205171900973,0.009409000049345195,95.0450095978611
Dense Gaussian,rmm_uniform,512,3,102,0.2,2.3411229335336863,0.0059009999968111515,151.54694127767326
Dense Gaussian,rmm_importance,512,3,102,0.2,2.256946845992483,0.008737399999517947,102.3506420726564
Dense Gaussian,rmm_uniform,512,4,3,0.005,13.119098506519295,0.004407100030221045,180.39202525861933
Dense Gaussian,rmm_importance,512,4,3,0.005,13.046354561271583,0.00834290002239868,95.29128933997742
Dense Gaussian,rmm_uniform,512,4,5,0.01,9.927833916825838,0.004073899996001273,195.1461009718532
Dense Gaussian,rmm_importance,512,4,5,0.01,10.060954053777133,0.007419400033541024,107.1522894539854
Dense Gaussian,rmm_uniform,512,4,10,0.02,7.869331716655959,0.003872999979648739,205.26870749970922
Dense Gaussian,rmm_importance,512,4,10,0.02,7.095092534614323,0.007922500022687018,100.34783183241449
Dense Gaussian,rmm_uniform,512,4,26,0.05,4.682402792671959,0.004680100013501942,169.86938263612535
Dense Gaussian,rmm_importance,512,4,26,0.05,4.328048637057336,0.008685000007972121,91.53778920427708
Dense Gaussian,rmm_uniform,512,4,51,0.1,3.0649806885178705,0.0044003999792039394,180.66669023862653
Dense Gaussian,rmm_importance,512,4,51,0.1,3.32109504020623,0.008963999978732318,88.68872175982824
Dense Gaussian,rmm_uniform,512,4,102,0.2,2.226715826071902,0.005314900015946478,149.5805560939272
Dense Gaussian,rmm_importance,512,4,102,0.2,2.123802474508792,0.009440399997401983,84.21313717508623
Dense Gaussian,rmm_uniform,512,5,3,0.005,13.110653319347223,0.003143400012049824,241.397975797768
Dense Gaussian,rmm_importance,512,5,3,0.005,13.049271237404028,0.005503399996086955,137.88029228677522
Dense Gaussian,rmm_uniform,512,5,5,0.01,9.969174853966058,0.002937599958386272,258.3096441927881
Dense Gaussian,rmm_importance,512,5,5,0.01,10.074360041874627,0.006360100000165403,119.30793541167169
Dense Gaussian,rmm_uniform,512,5,10,0.02,7.04601196240905,0.0029661000007763505,255.827652416606
Dense Gaussian,rmm_importance,512,5,10,0.02,7.09336934820313,0.014616600004956126,51.914289217342834
Dense Gaussian,rmm_uniform,512,5,26,0.05,4.638113424399881,0.003566900035366416,212.73665998704024
Dense Gaussian,rmm_importance,512,5,26,0.05,4.51330429226876,0.007509100018069148,101.05210986743838
Dense Gaussian,rmm_uniform,512,5,51,0.1,3.1331306940400148,0.004627200018148869,163.98910724742612
Dense Gaussian,rmm_importance,512,5,51,0.1,3.1412175138089458,0.010994500014930964,69.01727218163742
Dense Gaussian,rmm_uniform,512,5,102,0.2,2.234515873002144,0.00473960000090301,160.100092810983
Dense Gaussian,rmm_importance,512,5,102,0.2,2.218085759076109,0.009166200004983693,82.78353075635916
Dense Gaussian,rmm_uniform,512,6,3,0.005,13.806087564741468,0.0037051000399515033,195.8220269719948
Dense Gaussian,rmm_importance,512,6,3,0.005,13.040350030051405,0.006313699996098876,114.91521618157671
Dense Gaussian,rmm_uniform,512,6,5,0.01,10.123834199774688,0.00334840000141412,216.68265429784583
Dense Gaussian,rmm_importance,512,6,5,0.01,10.055354241664649,0.005310700042173266,136.61856143176442
Dense Gaussian,rmm_uniform,512,6,10,0.02,6.887442689668087,0.0034946000087074935,207.61752365063072
Dense Gaussian,rmm_importance,512,6,10,0.02,7.080562346925869,0.0052829000051133335,137.3374849524068
Dense Gaussian,rmm_uniform,512,6,26,0.05,4.4392525220610075,0.0032967000151984394,220.0807463865194
Dense Gaussian,rmm_importance,512,6,26,0.05,4.319504798423929,0.005745899979956448,126.27094145185967
Dense Gaussian,rmm_uniform,512,6,51,0.1,3.0664455746078065,0.0035336000146344304,205.32606886814926
Dense Gaussian,rmm_importance,512,6,51,0.1,3.1949537516157815,0.0064498999854549766,112.4885969694835
Dense Gaussian,rmm_uniform,512,6,102,0.2,2.1645312772264047,0.005491499963682145,132.1205872267429
Dense Gaussian,rmm_importance,512,6,102,0.2,2.207230040257596,0.014000299968756735,51.82318961568309
Dense Gaussian,rmm_uniform,512,7,3,0.005,12.744390841202407,0.0039252000278793275,178.6426156563985
Dense Gaussian,rmm_importance,512,7,3,0.005,13.028518965198568,0.005753199977334589,121.88138822175888
Dense Gaussian,rmm_uniform,512,7,5,0.01,9.854843790293826,0.002977500029373914,235.50226466408336
Dense Gaussian,rmm_importance,512,7,5,0.01,10.081288012558518,0.005961500050034374,117.62274495844184
Dense Gaussian,rmm_uniform,512,7,10,0.02,7.127231877579633,0.003853400005027652,181.97124592309217
Dense Gaussian,rmm_importance,512,7,10,0.02,7.074783015122243,0.007573599985335022,92.58582461612714
Dense Gaussian,rmm_uniform,512,7,26,0.05,4.331312407429062,0.005015899951104075,139.7970467494243
Dense Gaussian,rmm_importance,512,7,26,0.05,4.498808415398772,0.006225300021469593,112.63842666805299
Dense Gaussian,rmm_uniform,512,7,51,0.1,2.994063359938249,0.004006000002846122,175.03944070313227
Dense Gaussian,rmm_importance,512,7,51,0.1,3.430968673723209,0.009561500046402216,73.33661000386448
Dense Gaussian,rmm_uniform,512,7,102,0.2,2.265889226363753,0.006890600023325533,101.76298110197308
Dense Gaussian,rmm_importance,512,7,102,0.2,2.1231396571889087,0.009274200012441725,75.60846207912616
Dense Gaussian,rmm_uniform,512,8,3,0.005,12.780832228994141,0.0029019000357948244,240.75977510689506
Dense Gaussian,rmm_importance,512,8,3,0.005,13.007484480268806,0.005031099950429052,138.8683999293377
Dense Gaussian,rmm_uniform,512,8,5,0.01,10.159352787428507,0.0033648000098764896,207.63813538692247
Dense Gaussian,rmm_importance,512,8,5,0.01,10.035853801556161,0.004872199962846935,143.3973985731919
Dense Gaussian,rmm_uniform,512,8,10,0.02,7.04539748298716,0.0027537000132724643,253.71710666855554
Dense Gaussian,rmm_importance,512,8,10,0.02,7.08601370356304,0.0054911000188440084,127.23512549453349
Dense Gaussian,rmm_uniform,512,8,26,0.05,4.489091561993048,0.003502699953969568,199.46350220745248
Dense Gaussian,rmm_importance,512,8,26,0.05,4.497033620039301,0.0055581999476999044,125.69911240594585
Dense Gaussian,rmm_uniform,512,8,51,0.1,3.1429022855269495,0.0032127000158652663,217.4684211256757
Dense Gaussian,rmm_importance,512,8,51,0.1,3.3195741448805856,0.005382100003771484,129.8119320546012
Dense Gaussian,rmm_uniform,512,8,102,0.2,2.110572943022219,0.00384040002245456,181.92396518998805
Dense Gaussian,rmm_importance,512,8,102,0.2,2.3590722425257726,0.006024199945386499,115.97569906950162
Dense Gaussian,rmm_uniform,512,9,3,0.005,12.765395480775261,0.0026852000155486166,224.82552381637794
Dense Gaussian,rmm_importance,512,9,3,0.005,12.99515410685729,0.004533400002401322,133.16749012389948
Dense Gaussian,rmm_uniform,512,9,5,0.01,10.36192752321965,0.0025396999553777277,237.70583559256542
Dense Gaussian,rmm_importance,512,9,5,0.01,10.068893939990462,0.004952799994498491,121.89095071839122
Dense Gaussian,rmm_uniform,512,9,10,0.02,7.047883319514956,0.002746199956163764,219.83158898989635
Dense Gaussian,rmm_importance,512,9,10,0.02,7.064950703600976,0.0046579999616369605,129.60530378263576
Dense Gaussian,rmm_uniform,512,9,26,0.05,4.490832552998348,0.002962099970318377,203.80861756754817
Dense Gaussian,rmm_importance,512,9,26,0.05,4.315223944465467,0.0051229000091552734,117.84370160818533
Dense Gaussian,rmm_uniform,512,9,51,0.1,3.3566130443728226,0.0031854999833740294,189.51546168524325
Dense Gaussian,rmm_importance,512,9,51,0.1,3.321283988391262,0.007440200017299503,81.14049335283644
Dense Gaussian,rmm_uniform,512,9,102,0.2,2.17019958912361,0.004123800026718527,146.3944653319801
Dense Gaussian,rmm_importance,512,9,102,0.2,2.09702721590105,0.00929850002285093,64.9246113420311
Low-Rank (r=10),rmm_uniform,512,0,3,0.005,4.981921295111129,0.0030718999914824963,199.61821729824288
Low-Rank (r=10),rmm_importance,512,0,3,0.005,5.892976621299279,0.0046233999892137945,132.6312240880761
Low-Rank (r=10),rmm_uniform,512,0,5,0.01,2.6391085486145,0.0025397000135853887,241.44867375597485
Low-Rank (r=10),rmm_importance,512,0,5,0.01,1.2453716094468434,0.005321999953594059,115.22119604757073
Low-Rank (r=10),rmm_uniform,512,0,10,0.02,12.068671098886439,0.0028478000313043594,215.3266357460359
Low-Rank (r=10),rmm_importance,512,0,10,0.02,1.6992100944046975,0.004650100017897785,131.869679718296
Low-Rank (r=10),rmm_uniform,512,0,26,0.05,1.3216320041473553,0.0031300000264309347,195.91284180193733
Low-Rank (r=10),rmm_importance,512,0,26,0.05,2.069537217347127,0.00514109997311607,119.27548641824069
Low-Rank (r=10),rmm_uniform,512,0,51,0.1,0.5217247720836845,0.0038923000101931393,157.54366272187625
Low-Rank (r=10),rmm_importance,512,0,51,0.1,0.906508212470065,0.00550999998813495,111.28987320121293
Low-Rank (r=10),rmm_uniform,512,0,102,0.2,0.5342917385261245,0.0038069000001996756,161.07783235337416
Low-Rank (r=10),rmm_importance,512,0,102,0.2,0.9460637793824275,0.00703459995565936,87.17015948076707
Low-Rank (r=10),rmm_uniform,512,1,3,0.005,6.716332350212181,0.0031039000023156404,193.17142935316377
Low-Rank (r=10),rmm_importance,512,1,3,0.005,9.126388446724244,0.005079300026409328,118.04476933812093
Low-Rank (r=10),rmm_uniform,512,1,5,0.01,2.393977021785556,0.0024579999735578895,243.9319798481192
Low-Rank (r=10),rmm_importance,512,1,5,0.01,12.317604757793346,0.00615009997272864,97.49187861584963
Low-Rank (r=10),rmm_uniform,512,1,10,0.02,10.345627076405254,0.002508800011128187,238.99266476285297
Low-Rank (r=10),rmm_importance,512,1,10,0.02,4.897065231175759,0.008429899986367673,71.12596839656617
Low-Rank (r=10),rmm_uniform,512,1,26,0.05,4.626443344957228,0.005273299990221858,113.70200844412322
Low-Rank (r=10),rmm_importance,512,1,26,0.05,3.827713143318469,0.004751700034830719,126.18321771609075
Low-Rank (r=10),rmm_uniform,512,1,51,0.1,1.8976917292960358,0.005472699995152652,109.55923046168661
Low-Rank (r=10),rmm_importance,512,1,51,0.1,2.113671566036191,0.005371400038711727,111.62542273809208
Low-Rank (r=10),rmm_uniform,512,1,102,0.2,1.252114262881542,0.003474900033324957,172.54735223070233
Low-Rank (r=10),rmm_importance,512,1,102,0.2,1.7806206924853067,0.005925400007981807,101.1889153827472
Low-Rank (r=10),rmm_uniform,512,2,3,0.005,16.337188920798127,0.002670800022315234,217.81387418423353
Low-Rank (r=10),rmm_importance,512,2,3,0.005,10.360115586305549,0.004497500020079315,129.34681432676445
Low-Rank (r=10),rmm_uniform,512,2,5,0.01,9.97264986658645,0.0024594999849796295,236.52665321591235
Low-Rank (r=10),rmm_importance,512,2,5,0.01,14.205332970874535,0.004278699983842671,135.96122706162825
Low-Rank (r=10),rmm_uniform,512,2,10,0.02,5.865229737940607,0.002931899973191321,198.41648942702767
Low-Rank (r=10),rmm_importance,512,2,10,0.02,6.592427337411384,0.00591449998319149,98.35781582298871
Low-Rank (r=10),rmm_uniform,512,2,26,0.05,11.204228196352071,0.007331300002988428,79.34981514802112
Low-Rank (r=10),rmm_importance,512,2,26,0.05,7.376348312251251,0.006626299989875406,87.79217676843466
Low-Rank (r=10),rmm_uniform,512,2,51,0.1,3.76772063959437,0.003330300038214773,174.6801469406529
Low-Rank (r=10),rmm_importance,512,2,51,0.1,2.5387590003067273,0.005117799970321357,113.66940939571148
Low-Rank (r=10),rmm_uniform,512,2,102,0.2,2.7624371235973504,0.004414499970152974,131.77875273870706
Low-Rank (r=10),rmm_importance,512,2,102,0.2,1.8152877277307682,0.005587999999988824,104.10474231084143
Low-Rank (r=10),rmm_uniform,512,3,3,0.005,8.195302136125814,0.0029018999775871634,205.61532259769487
Low-Rank (r=10),rmm_importance,512,3,3,0.005,7.404643599392128,0.006427200045436621,92.83593101501076
Low-Rank (r=10),rmm_uniform,512,3,5,0.01,4.308254345190466,0.003002299985382706,198.7393341580986
Low-Rank (r=10),rmm_importance,512,3,5,0.01,2.3628297409107653,0.006380899983923882,93.50955218560057
Low-Rank (r=10),rmm_uniform,512,3,10,0.02,1.1364748374600726,0.004402599995955825,135.5278927419994
Low-Rank (r=10),rmm_importance,512,3,10,0.02,3.463319713800281,0.007133200007956475,83.64760547472214
Low-Rank (r=10),rmm_uniform,512,3,26,0.05,2.572070363613057,0.0035105000133626163,169.96869328204008
Low-Rank (r=10),rmm_importance,512,3,26,0.05,3.0283845444962725,0.0064091000240296125,93.09811015598393
Low-Rank (r=10),rmm_uniform,512,3,51,0.1,1.1809056991911349,0.003719799977261573,160.40515718188854
Low-Rank (r=10),rmm_importance,512,3,51,0.1,1.21393549336106,0.014950400043744594,39.91030997779108
Low-Rank (r=10),rmm_uniform,512,3,102,0.2,1.1906889140538144,0.004447199986316264,134.16871331933743
Low-Rank (r=10),rmm_importance,512,3,102,0.2,1.2533166479476854,0.007283299986738712,81.92372978241214
Low-Rank (r=10),rmm_uniform,512,4,3,0.005,40.832881587385714,0.002485400007572025,238.10123046179677
Low-Rank (r=10),rmm_importance,512,4,3,0.005,7.666816239349454,0.004797999979928136,123.33822477454903
Low-Rank (r=10),rmm_uniform,512,4,5,0.01,15.539872616550857,0.0024479000130668283,241.74876295345751
Low-Rank (r=10),rmm_importance,512,4,5,0.01,3.664578145746035,0.004823499999474734,122.68618224465659
Low-Rank (r=10),rmm_uniform,512,4,10,0.02,4.951046236236015,0.0026320000179111958,224.8392081935863
Low-Rank (r=10),rmm_importance,512,4,10,0.02,6.161469529134684,0.004468999977689236,132.41817027232239
Low-Rank (r=10),rmm_uniform,512,4,26,0.05,3.7012090941245344,0.0030494999955408275,194.0569932310188
Low-Rank (r=10),rmm_importance,512,4,26,0.05,2.61979695004166,0.004950299975462258,119.54362420984361
Low-Rank (r=10),rmm_uniform,512,4,51,0.1,1.0136455674656977,0.0029634999809786677,199.6884777428713
Low-Rank (r=10),rmm_importance,512,4,51,0.1,0.9929022270768364,0.006409999972674996,92.32087402735202
Low-Rank (r=10),rmm_uniform,512,4,102,0.2,1.8562837859529833,0.0037870999658480287,156.26120391045558
Low-Rank (r=10),rmm_importance,512,4,102,0.2,1.7341717647818173,0.006054099998436868,97.74810461430293
Low-Rank (r=10),rmm_uniform,512,5,3,0.005,12.74231095966061,0.006457199982833117,97.0765659528037
Low-Rank (r=10),rmm_importance,512,5,3,0.005,10.402858201639624,0.006331799959298223,98.99914779894868
Low-Rank (r=10),rmm_uniform,512,5,5,0.01,13.34284523581463,0.0031709999893791974,197.67984929153604
Low-Rank (r=10),rmm_importance,512,5,5,0.01,12.70258564308151,0.005909500003326684,106.07374560471584
Low-Rank (r=10),rmm_uniform,512,5,10,0.02,6.241058982198198,0.002771100029349327,226.2072077387726
Low-Rank (r=10),rmm_importance,512,5,10,0.02,8.603987059571319,0.004119100049138069,152.1795519715794
Low-Rank (r=10),rmm_uniform,512,5,26,0.05,5.696258919532049,0.003503599960822612,178.91391911557315
Low-Rank (r=10),rmm_importance,512,5,26,0.05,3.713714053455595,0.007193600002210587,87.13895682430407
Low-Rank (r=10),rmm_uniform,512,5,51,0.1,4.035854272762838,0.0036407000152394176,172.17644886424955
Low-Rank (r=10),rmm_importance,512,5,51,0.1,3.8375015656253764,0.00667899998370558,93.85279256373991
Low-Rank (r=10),rmm_uniform,512,5,102,0.2,2.8464434614933403,0.004511000006459653,138.95872292314718
Low-Rank (r=10),rmm_importance,512,5,102,0.2,1.3898724191548268,0.007641599979251623,82.03030801218827
Low-Rank (r=10),rmm_uniform,512,6,3,0.005,15.148519149600496,0.002638899954035878,224.68953364521528
Low-Rank (r=10),rmm_importance,512,6,3,0.005,3.6725510490032893,0.0051849999581463635,114.35548790644062
Low-Rank (r=10),rmm_uniform,512,6,5,0.01,10.797255077100628,0.0025372999953106046,233.68667524713308
Low-Rank (r=10),rmm_importance,512,6,5,0.01,3.753098326443787,0.00457819999428466,129.51229757304364
Low-Rank (r=10),rmm_uniform,512,6,10,0.02,2.8290473568596823,0.005528500012587756,107.25028464477907
Low-Rank (r=10),rmm_importance,512,6,10,0.02,4.485381756179082,0.004511199949774891,131.43580568586611
Low-Rank (r=10),rmm_uniform,512,6,26,0.05,2.3020489529888506,0.002986700041219592,198.52452265898876
Low-Rank (r=10),rmm_importance,512,6,26,0.05,2.1306052478834596,0.006017599953338504,98.53317013533746
Low-Rank (r=10),rmm_uniform,512,6,51,0.1,1.051506074509854,0.004697399970609695,126.22582784487528
Low-Rank (r=10),rmm_importance,512,6,51,0.1,2.1184723175822024,0.008218700008001179,72.14440233023
Low-Rank (r=10),rmm_uniform,512,6,102,0.2,1.9654360259990762,0.004906100046355277,120.85632058180087
Low-Rank (r=10),rmm_importance,512,6,102,0.2,0.6401339195061518,0.009267900022678077,63.97708203129343
Low-Rank (r=10),rmm_uniform,512,7,3,0.005,7.311708717238811,0.0028952000429853797,208.76806129287513
Low-Rank (r=10),rmm_importance,512,7,3,0.005,10.298283788017685,0.00599610002245754,100.80307162410857
Low-Rank (r=10),rmm_uniform,512,7,5,0.01,4.919798654434524,0.0026517999940551817,227.93019887778493
Low-Rank (r=10),rmm_importance,512,7,5,0.01,2.7259901471514163,0.0043673000182025135,138.39793408053401
Low-Rank (r=10),rmm_uniform,512,7,10,0.02,10.14792849551675,0.004227099998388439,142.98817162109734
Low-Rank (r=10),rmm_importance,512,7,10,0.02,3.1983165691974826,0.0048614999977871776,124.32897260191801
Low-Rank (r=10),rmm_uniform,512,7,26,0.05,5.263516814786518,0.0037779000122100115,159.9897557043939
Low-Rank (r=10),rmm_importance,512,7,26,0.05,1.4414163129188589,0.005947799945715815,101.62165936069731
Low-Rank (r=10),rmm_uniform,512,7,51,0.1,2.7014120911160284,0.003914300003089011,154.4146589561653
Low-Rank (r=10),rmm_importance,512,7,51,0.1,1.94905557821499,0.005913000029977411,102.219735661225
Low-Rank (r=10),rmm_uniform,512,7,102,0.2,1.1074810065498735,0.003799099999014288,159.09697038401995
Low-Rank (r=10),rmm_importance,512,7,102,0.2,0.9158563669547718,0.006342499982565641,95.2976431518423
Low-Rank (r=10),rmm_uniform,512,8,3,0.005,2.35708715991982,0.0027446000021882355,228.1167016942637
Low-Rank (r=10),rmm_importance,512,8,3,0.005,6.049899630952385,0.004966499982401729,126.06243877735432
Low-Rank (r=10),rmm_uniform,512,8,5,0.01,14.779155310458554,0.002180200011935085,287.17048735980416
Low-Rank (r=10),rmm_importance,512,8,5,0.01,6.120150041184483,0.004025599977467209,155.52690368484312
Low-Rank (r=10),rmm_uniform,512,8,10,0.02,4.186027829995733,0.0023589000338688493,265.41569841024415
Low-Rank (r=10),rmm_importance,512,8,10,0.02,7.321909671547479,0.006952500029001385,90.0523692711407
Low-Rank (r=10),rmm_uniform,512,8,26,0.05,1.9189303402401798,0.00417219998780638,150.06210196036852
Low-Rank (r=10),rmm_importance,512,8,26,0.05,2.9997374162831143,0.004702800011727959,133.13113430464676
Low-Rank (r=10),rmm_uniform,512,8,51,0.1,3.4908952653797134,0.003211400005966425,194.9583044174021
Low-Rank (r=10),rmm_importance,512,8,51,0.1,1.8590922832707517,0.005905200028792024,106.02335177752191
Low-Rank (r=10),rmm_uniform,512,8,102,0.2,2.211023372597716,0.0037537000025622547,166.79252458691005
Low-Rank (r=10),rmm_importance,512,8,102,0.2,2.394358230748105,0.006939499988220632,90.22106794898716
Low-Rank (r=10),rmm_uniform,512,9,3,0.005,40.60513153599085,0.0025000000023283064,224.76667980685207
Low-Rank (r=10),rmm_importance,512,9,3,0.005,4.478770505981319,0.004273099999409169,131.5009478173108
Low-Rank (r=10),rmm_uniform,512,9,5,0.01,4.816215946927293,0.0024441999848932028,229.89800487418316
Low-Rank (r=10),rmm_importance,512,9,5,0.01,9.767538880798622,0.004708099993877113,119.35105472934495
Low-Rank (r=10),rmm_uniform,512,9,10,0.02,3.7675239861457515,0.0023982999846339226,234.29792087757824
Low-Rank (r=10),rmm_importance,512,9,10,0.02,2.361712233274255,0.0060683999909088016,92.59717567765395
Low-Rank (r=10),rmm_uniform,512,9,26,0.05,5.251111103702076,0.0034022999461740255,165.15789581466672
Low-Rank (r=10),rmm_importance,512,9,26,0.05,6.709689852347821,0.005299500015098602,106.0320215943996
Low-Rank (r=10),rmm_uniform,512,9,51,0.1,0.8551945119405978,0.008622800000011921,65.1663844736836
Low-Rank (r=10),rmm_importance,512,9,51,0.1,2.1151964133326997,0.006601799977943301,85.11568086246582
Low-Rank (r=10),rmm_uniform,512,9,102,0.2,2.000204985962224,0.004684599989559501,119.94977186799115
Low-Rank (r=10),rmm_importance,512,9,102,0.2,2.263411607546042,0.007529400056228042,74.62967777567606
Sparse (1%),rmm_uniform,512,0,3,0.005,10.6761560145074,0.003620700037572533,162.28985940632302
Sparse (1%),rmm_importance,512,0,3,0.005,11.01228283842512,0.00488179997773841,120.36603357975626
Sparse (1%),rmm_uniform,512,0,5,0.01,6.040546224391716,0.002605699992273003,225.5067359222492
Sparse (1%),rmm_importance,512,0,5,0.01,8.566761219124391,0.005559300014283508,105.69728176935709
Sparse (1%),rmm_uniform,512,0,10,0.02,12.197388103347196,0.0028510999982245266,206.09691011049574
Sparse (1%),rmm_importance,512,0,10,0.02,5.920234819561579,0.005236299999523908,112.21719536763374
Sparse (1%),rmm_uniform,512,0,26,0.05,5.096043598178836,0.004158200055826455,141.31183977710927
Sparse (1%),rmm_importance,512,0,26,0.05,3.6706900897300763,0.006206999998539686,94.66777834515217
Sparse (1%),rmm_uniform,512,0,51,0.1,3.2870585936414014,0.004849699966143817,121.16273257154515
Sparse (1%),rmm_importance,512,0,51,0.1,2.6620449682886402,0.00675609998870641,86.97368319479581
Sparse (1%),rmm_uniform,512,0,102,0.2,2.272596555369892,0.003355399996507913,175.1215654353146
Sparse (1%),rmm_importance,512,0,102,0.2,1.9227901700578418,0.006890399963594973,85.27848936994667
Sparse (1%),rmm_uniform,512,1,3,0.005,19.45398192050242,0.0023068999871611595,216.76444700072466
Sparse (1%),rmm_importance,512,1,3,0.005,11.040971966809618,0.004237100016325712,118.0179599434142
Sparse (1%),rmm_uniform,512,1,5,0.01,8.785716685255517,0.00227569998241961,219.73630261722434
Sparse (1%),rmm_importance,512,1,5,0.01,8.536211354640493,0.0042573000537231565,117.45798832423219
Sparse (1%),rmm_uniform,512,1,10,0.02,5.395194037541244,0.0023104999563656747,216.42670826513782
Sparse (1%),rmm_importance,512,1,10,0.02,5.973035670752416,0.004692399990744889,106.56676774981989
Sparse (1%),rmm_uniform,512,1,26,0.05,4.977655662237145,0.0028682000120170414,174.34415239797318
Sparse (1%),rmm_importance,512,1,26,0.05,3.580080997334439,0.005917299946304411,84.50710704892882
Sparse (1%),rmm_uniform,512,1,51,0.1,3.4285103459678026,0.013613299990538508,36.73274667791896
Sparse (1%),rmm_importance,512,1,51,0.1,2.762748038351293,0.005099000001791865,98.06901349818419
Sparse (1%),rmm_uniform,512,1,102,0.2,2.4840821390092223,0.003900399955455214,128.2058008701332
Sparse (1%),rmm_importance,512,1,102,0.2,1.9096014791317621,0.006921200023498386,72.2495952010083
Sparse (1%),rmm_uniform,512,2,3,0.005,9.084292364259616,0.002710500033572316,184.43888352446405
Sparse (1%),rmm_importance,512,2,3,0.005,11.21237847665152,0.004857999971136451,102.90687586565623
Sparse (1%),rmm_uniform,512,2,5,0.01,8.883948317387146,0.0021914999815635383,228.11845958968632
Sparse (1%),rmm_importance,512,2,5,0.01,8.697953287655043,0.003834799979813397,130.36445254425675
Sparse (1%),rmm_uniform,512,2,10,0.02,7.94743934470398,0.002357900026254356,212.0198458028991
Sparse (1%),rmm_importance,512,2,10,0.02,6.652253134764238,0.004567899974063039,109.44232641338508
Sparse (1%),rmm_uniform,512,2,26,0.05,4.240806514318728,0.003376200038474053,148.0722689082874
Sparse (1%),rmm_importance,512,2,26,0.05,4.136014086511512,0.0076142000034451485,65.65648390624149
Sparse (1%),rmm_uniform,512,2,51,0.1,3.001691466152979,0.002817799977492541,177.41557384423098
Sparse (1%),rmm_importance,512,2,51,0.1,2.7556886514616132,0.005111599981319159,97.80139326475323
Sparse (1%),rmm_uniform,512,2,102,0.2,2.2518799560836418,0.0032502999529242516,153.80783534618936
Sparse (1%),rmm_importance,512,2,102,0.2,1.813931198055639,0.007861300022341311,63.59273893177403
Sparse (1%),rmm_uniform,512,3,3,0.005,21.087950434432877,0.002661300008185208,203.8362823858715
Sparse (1%),rmm_importance,512,3,3,0.005,11.037159994349105,0.0044729000073857605,121.27914755219732
Sparse (1%),rmm_uniform,512,3,5,0.01,10.152011171397232,0.0029049000004306436,186.74291710611124
Sparse (1%),rmm_importance,512,3,5,0.01,8.537900417640682,0.004490200022701174,120.81187858879129
Sparse (1%),rmm_uniform,512,3,10,0.02,8.359230316576177,0.0022884999634698033,237.04151568325773
Sparse (1%),rmm_importance,512,3,10,0.02,5.961734417765126,0.00538119999691844,100.80827701862204
Sparse (1%),rmm_uniform,512,3,26,0.05,3.9431409553400028,0.01024809997761622,52.933665866533076
Sparse (1%),rmm_importance,512,3,26,0.05,4.072768111962621,0.005622899974696338,96.47504000126872
Sparse (1%),rmm_uniform,512,3,51,0.1,3.081282034434084,0.0029192999936640263,185.82177273980886
Sparse (1%),rmm_importance,512,3,51,0.1,2.5859529195427076,0.00831159995868802,65.26655549812945
Sparse (1%),rmm_uniform,512,3,102,0.2,2.232210458785679,0.004504800017457455,120.42032895572048
Sparse (1%),rmm_importance,512,3,102,0.2,1.8259906795273966,0.0074583999812603,72.73269083784069
Sparse (1%),rmm_uniform,512,4,3,0.005,12.93064205078425,0.0022184000117704272,228.47570200133703
Sparse (1%),rmm_importance,512,4,3,0.005,11.105123156806771,0.003923899959772825,129.17008721047182
Sparse (1%),rmm_uniform,512,4,5,0.01,10.227700526876845,0.0023592000361531973,214.8399848431122
Sparse (1%),rmm_importance,512,4,5,0.01,8.583526190497174,0.0037635000189766288,134.67530156857697
Sparse (1%),rmm_uniform,512,4,10,0.02,6.339674993128921,0.0023287999792955816,217.64449695775738
Sparse (1%),rmm_importance,512,4,10,0.02,6.0423692644481095,0.0037648999714292586,134.625223473496
Sparse (1%),rmm_uniform,512,4,26,0.05,4.630298216792849,0.0031645999988541007,160.16257984976073
Sparse (1%),rmm_importance,512,4,26,0.05,3.6908029496466264,0.004474999965168536,113.26268244784977
Sparse (1%),rmm_uniform,512,4,51,0.1,3.248006467244691,0.0034487000084482133,146.96856750874267
Sparse (1%),rmm_importance,512,4,51,0.1,2.6509431212036687,0.006009900011122227,84.3359288958251
Sparse (1%),rmm_uniform,512,4,102,0.2,2.2553166990046,0.010112599993590266,50.120691051785194
Sparse (1%),rmm_importance,512,4,102,0.2,1.960982657229078,0.006672999996226281,75.95541739782063
Sparse (1%),rmm_uniform,512,5,3,0.005,6.525681058036044,0.0027876999811269343,185.01187484732677
Sparse (1%),rmm_importance,512,5,3,0.005,10.970129090456107,0.0046446999767795205,111.04217766456482
Sparse (1%),rmm_uniform,512,5,5,0.01,12.9392267167358,0.0021714000031352043,237.5230723383385
Sparse (1%),rmm_importance,512,5,5,0.01,8.504851991777173,0.0050410000258125365,102.312556512439
Sparse (1%),rmm_uniform,512,5,10,0.02,3.891939881997526,0.003091700025834143,166.82006524258438
Sparse (1%),rmm_importance,512,5,10,0.02,5.926715369196162,0.004684500047005713,110.09875010030555
Sparse (1%),rmm_uniform,512,5,26,0.05,4.047722400920656,0.0032662999583408237,157.90270538476204
Sparse (1%),rmm_importance,512,5,26,0.05,3.860050832174046,0.005262400023639202,98.0080567237989
Sparse (1%),rmm_uniform,512,5,51,0.1,3.2498246478984503,0.0028731999918818474,179.5063349148724
Sparse (1%),rmm_importance,512,5,51,0.1,2.6069302953905713,0.005949699960183352,86.68632090218168
Sparse (1%),rmm_uniform,512,5,102,0.2,2.2272578560306537,0.0036154999979771674,142.65180481502207
Sparse (1%),rmm_importance,512,5,102,0.2,1.8305355270551629,0.00525819999165833,98.08634149297393
Sparse (1%),rmm_uniform,512,6,3,0.005,18.846416804412005,0.002897700003813952,187.42406021504874
Sparse (1%),rmm_importance,512,6,3,0.005,10.906129160874542,0.0048399000079371035,112.2127934687346
Sparse (1%),rmm_uniform,512,6,5,0.01,6.752635924013417,0.0027727000415325165,195.87358598652946
Sparse (1%),rmm_importance,512,6,5,0.01,8.468463667448646,0.0049307000008411705,110.14636865096665
Sparse (1%),rmm_uniform,512,6,10,0.02,7.510873438822965,0.0029820000054314733,182.12565359180502
Sparse (1%),rmm_importance,512,6,10,0.02,5.983308942938799,0.005131700017955154,105.83212153862095
Sparse (1%),rmm_uniform,512,6,26,0.05,4.321826956400324,0.0034909999812953174,155.5710979403842
Sparse (1%),rmm_importance,512,6,26,0.05,3.774335439335465,0.0057295000297017395,94.78989391474796
Sparse (1%),rmm_uniform,512,6,51,0.1,3.2276860515838712,0.0035652000224217772,152.33330432637433
Sparse (1%),rmm_importance,512,6,51,0.1,2.6123264375987327,0.006806100020185113,79.79587405258289
Sparse (1%),rmm_uniform,512,6,102,0.2,2.068256165052356,0.003829499997664243,141.81974156710527
Sparse (1%),rmm_importance,512,6,102,0.2,1.7705977070658496,0.006610299984458834,82.15946345503639
Sparse (1%),rmm_uniform,512,7,3,0.005,8.40115842750611,0.0026413999730721116,218.53346933925644
Sparse (1%),rmm_importance,512,7,3,0.005,11.25578921486862,0.004807299992535263,120.07453267413972
Sparse (1%),rmm_uniform,512,7,5,0.01,9.431951503271366,0.0026274999836459756,219.68955418491927
Sparse (1%),rmm_importance,512,7,5,0.01,8.731806441157614,0.005277799966279417,109.37024967147214
Sparse (1%),rmm_uniform,512,7,10,0.02,7.227681832113383,0.0028439000016078353,202.97278374827536
Sparse (1%),rmm_importance,512,7,10,0.02,6.109374593604623,0.004688999964855611,123.1039250062869
Sparse (1%),rmm_uniform,512,7,26,0.05,4.462145014486145,0.003093099978286773,186.61999420652077
Sparse (1%),rmm_importance,512,7,26,0.05,3.868509726806138,0.00487460003932938,118.41675119411022
Sparse (1%),rmm_uniform,512,7,51,0.1,3.1052449787249827,0.008400399994570762,68.71509694789982
Sparse (1%),rmm_importance,512,7,51,0.1,2.8355830892773817,0.005103800038341433,113.09892544607787
Sparse (1%),rmm_uniform,512,7,102,0.2,2.3375418705931006,0.0060618999996222556,95.22332932975424
Sparse (1%),rmm_importance,512,7,102,0.2,1.9838963935024707,0.0064910000073723495,88.92840846902723
Sparse (1%),rmm_uniform,512,8,3,0.005,7.3914961718974395,0.0028955000452697277,209.11931981288635
Sparse (1%),rmm_importance,512,8,3,0.005,10.972682859328524,0.00547450000885874,110.6046212448935
Sparse (1%),rmm_uniform,512,8,5,0.01,8.882536538130221,0.0028986000106669962,208.89567299961973
Sparse (1%),rmm_importance,512,8,5,0.01,8.41005238759357,0.004781199968419969,126.64289383091558
Sparse (1%),rmm_uniform,512,8,10,0.02,8.047397670307863,0.003182100015692413,190.28471669619458
Sparse (1%),rmm_importance,512,8,10,0.02,5.931022809125355,0.004958300036378205,122.11947553445734
Sparse (1%),rmm_uniform,512,8,26,0.05,5.5852125084712485,0.0033808000152930617,179.10109951667738
Sparse (1%),rmm_importance,512,8,26,0.05,3.7331847429624556,0.00547450000885874,110.6046212448935
Sparse (1%),rmm_uniform,512,8,51,0.1,3.221169831316204,0.006220599985681474,97.33868137779852
Sparse (1%),rmm_importance,512,8,51,0.1,2.862087199949165,0.01280540000880137,47.28512967723094
Sparse (1%),rmm_uniform,512,8,102,0.2,2.4219413261292804,0.003946100012399256,153.44390615605198
Sparse (1%),rmm_importance,512,8,102,0.2,1.8998254291114507,0.007138599990867078,84.8212535734812
Sparse (1%),rmm_uniform,512,9,3,0.005,8.837695384152426,0.002799700014293194,214.86191268414302
Sparse (1%),rmm_importance,512,9,3,0.005,10.920864182089359,0.004580800014082342,131.31961625994813
Sparse (1%),rmm_uniform,512,9,5,0.01,9.225713135218077,0.0033374999766238034,180.23937205278477
Sparse (1%),rmm_importance,512,9,5,0.01,8.44396546247017,0.004926800029352307,122.09728351648559
Sparse (1%),rmm_uniform,512,9,10,0.02,8.411765914301942,0.0030536999693140388,196.9901778359666
Sparse (1%),rmm_importance,512,9,10,0.02,5.9076892529061755,0.006441500037908554,93.38646223282038
Sparse (1%),rmm_uniform,512,9,26,0.05,5.948513774411753,0.004279499989934266,140.56522991652074
Sparse (1%),rmm_importance,512,9,26,0.05,3.5924380467930463,0.005764800007455051,104.34861560417256
Sparse (1%),rmm_uniform,512,9,51,0.1,2.759624538978294,0.004718500014860183,127.48731548550882
Sparse (1%),rmm_importance,512,9,51,0.1,2.786126625239635,0.007735299994237721,77.76671886817212
Sparse (1%),rmm_uniform,512,9,102,0.2,2.54247330907237,0.0056671000202186406,106.14757069165863
Sparse (1%),rmm_importance,512,9,102,0.2,2.0245827614750236,0.009793000004719943,61.42641680005402
NN-Like,rmm_uniform,512,0,3,0.005,13.223914545697852,0.002931400027591735,218.12570579071703
NN-Like,rmm_importance,512,0,3,0.005,13.007193168454423,0.006748399988282472,94.75041507373825
NN-Like,rmm_uniform,512,0,5,0.01,9.605621318013936,0.002845899958629161,224.67890975386683
NN-Like,rmm_importance,512,0,5,0.01,10.068063826671672,0.00527299998793751,121.26184362527866
NN-Like,rmm_uniform,512,0,10,0.02,7.42225036798948,0.005648699996527284,113.19661167462854
NN-Like,rmm_importance,512,0,10,0.02,7.086068802931266,0.005136399995535612,124.48674178980058
NN-Like,rmm_uniform,512,0,26,0.05,4.30917108905454,0.005410899990238249,118.17141346669399
NN-Like,rmm_importance,512,0,26,0.05,4.488707615099944,0.007696799992118031,83.0752651268282
NN-Like,rmm_uniform,512,0,51,0.1,3.10642493776808,0.005725199996959418,111.68408096013401
NN-Like,rmm_importance,512,0,51,0.1,3.137612723562904,0.006415100011508912,99.67322392889344
NN-Like,rmm_uniform,512,0,102,0.2,2.2491206602048557,0.005222699954174459,122.42972132877301
NN-Like,rmm_importance,512,0,102,0.2,2.065974995534562,0.008442699967417866,75.73568910905338
NN-Like,rmm_uniform,512,1,3,0.005,13.00120646661932,0.0030077999690547585,236.4618349869498
NN-Like,rmm_importance,512,1,3,0.005,12.990819014036843,0.006015899998601526,118.2250203829375
NN-Like,rmm_uniform,512,1,5,0.01,10.09866092745039,0.003041399992071092,233.84951068933725
NN-Like,rmm_importance,512,1,5,0.01,10.028652761496396,0.00692060001892969,102.7699763042186
NN-Like,rmm_uniform,512,1,10,0.02,7.1536452318027655,0.003647600009571761,194.9857161119702
NN-Like,rmm_importance,512,1,10,0.02,7.058664733755559,0.007060100033413619,100.73935165087077
NN-Like,rmm_uniform,512,1,26,0.05,4.295603826346891,0.004352700023446232,163.39970503946324
NN-Like,rmm_importance,512,1,26,0.05,4.493242645243912,0.007911299995612353,89.9005094422953
NN-Like,rmm_uniform,512,1,51,0.1,3.189501341280682,0.004666599968913943,152.40858541425473
NN-Like,rmm_importance,512,1,51,0.1,2.998209222340189,0.006803199998103082,104.5434354648826
NN-Like,rmm_uniform,512,1,102,0.2,2.258673267440116,0.005204999994020909,136.64359284791232
NN-Like,rmm_importance,512,1,102,0.2,2.1923701745145934,0.00915639998856932,77.67571325458317
NN-Like,rmm_uniform,512,2,3,0.005,13.144411388896227,0.003298999974504113,192.71776444186952
NN-Like,rmm_importance,512,2,3,0.005,16.768114391362616,0.006688699999358505,95.0522373616985
NN-Like,rmm_uniform,512,2,5,0.01,9.672191384752043,0.003722699999343604,170.78354422658794
NN-Like,rmm_importance,512,2,5,0.01,10.028222459187113,0.007284799998160452,87.27431091323888
NN-Like,rmm_uniform,512,2,10,0.02,7.0317740425696735,0.003244900028221309,195.93081279878984
NN-Like,rmm_importance,512,2,10,0.02,7.050546697380539,0.006202200020197779,102.50812581177337
NN-Like,rmm_uniform,512,2,26,0.05,4.2879883920388595,0.004717300005722791,134.7753798166167
NN-Like,rmm_importance,512,2,26,0.05,4.323726999516997,0.01106609997805208,57.452571478766835
NN-Like,rmm_uniform,512,2,51,0.1,3.2874781442058003,0.0035377999884076416,179.70939625288963
NN-Like,rmm_importance,512,2,51,0.1,3.140734111994388,0.009205499954987317,69.06478769094656
NN-Like,rmm_uniform,512,2,102,0.2,2.29878681574815,0.004691299982368946,135.52232907075197
NN-Like,rmm_importance,512,2,102,0.2,2.236413644599317,0.010195500042755157,62.35848141965285
NN-Like,rmm_uniform,512,3,3,0.005,12.597031336335363,0.003728099982254207,218.53831814661035
NN-Like,rmm_importance,512,3,3,0.005,13.03706411459206,0.006135500036180019,132.78994298751522
NN-Like,rmm_uniform,512,3,5,0.01,12.547437150631087,0.0037260999670252204,218.65562041125125
NN-Like,rmm_importance,512,3,5,0.01,10.08916332525729,0.006722000020090491,121.2039121644148
NN-Like,rmm_uniform,512,3,10,0.02,7.042669634253152,0.0032239999854937196,252.7086549845239
NN-Like,rmm_importance,512,3,10,0.02,7.100205780835886,0.00700360001064837,116.3305583936135
NN-Like,rmm_uniform,512,3,26,0.05,4.52586097274142,0.004492000036407262,181.37415258257036
NN-Like,rmm_importance,512,3,26,0.05,4.32828952172606,0.007423200004268438,109.7549169543809
NN-Like,rmm_uniform,512,3,51,0.1,3.184628719419392,0.0046104000066407025,176.71627165337546
NN-Like,rmm_importance,512,3,51,0.1,3.196095315753374,0.006786000041756779,120.06081564852482
NN-Like,rmm_uniform,512,3,102,0.2,2.2476462511750714,0.004452299966942519,182.99142152448798
NN-Like,rmm_importance,512,3,102,0.2,2.329048655503275,0.010063699970487505,80.9575705151686
NN-Like,rmm_uniform,512,4,3,0.005,13.221270800758793,0.0030731000006198883,249.0735738696906
NN-Like,rmm_importance,512,4,3,0.005,12.958633363019183,0.007847499975468963,97.5378148972345
NN-Like,rmm_uniform,512,4,5,0.01,9.864142064685913,0.004103099985513836,186.54870773700839
NN-Like,rmm_importance,512,4,5,0.01,9.988379281021231,0.007807099958881736,98.04255152933656
NN-Like,rmm_uniform,512,4,10,0.02,7.085643143605058,0.0039662999915890396,192.98288118309642
NN-Like,rmm_importance,512,4,10,0.02,7.032707387812572,0.008663999964483082,88.34579907099659
NN-Like,rmm_uniform,512,4,26,0.05,4.256895529957575,0.004719800024759024,162.17382007671478
NN-Like,rmm_importance,512,4,26,0.05,4.304258639197395,0.00901259999955073,84.92865544365665
NN-Like,rmm_uniform,512,4,51,0.1,3.2578717830473325,0.005767500028014183,132.71400022461546
NN-Like,rmm_importance,512,4,51,0.1,3.2371664313379935,0.007954000029712915,96.23183268217447
NN-Like,rmm_uniform,512,4,102,0.2,2.1408145624155726,0.00602709996746853,126.99772762103943
NN-Like,rmm_importance,512,4,102,0.2,2.205536146444539,0.012790100008714944,59.845349097489084
NN-Like,rmm_uniform,512,5,3,0.005,12.818241892973763,0.003174800018314272,227.81192383963602
NN-Like,rmm_importance,512,5,3,0.005,12.997169658193414,0.008586399955675006,84.2328919817279
NN-Like,rmm_uniform,512,5,5,0.01,9.7050249350688,0.00335279997671023,215.71740187374573
NN-Like,rmm_importance,512,5,5,0.01,10.028184874730922,0.00593980000121519,121.76458800470031
NN-Like,rmm_uniform,512,5,10,0.02,7.297114593121984,0.0036211999831721187,199.72862679202908
NN-Like,rmm_importance,512,5,10,0.02,7.0642803659806965,0.00886599998921156,81.57650584912805
NN-Like,rmm_uniform,512,5,26,0.05,4.483646324680978,0.0039246000233106315,184.28815565469418
NN-Like,rmm_importance,512,5,26,0.05,4.321854257840669,0.006826299999374896,105.95158432013196
NN-Like,rmm_uniform,512,5,51,0.1,3.0324725213003205,0.004564600007142872,158.44921764152468
NN-Like,rmm_importance,512,5,51,0.1,3.1891069055313275,0.009342100005596876,77.41913483531333
NN-Like,rmm_uniform,512,5,102,0.2,2.268580778556674,0.004628500028047711,156.2617037043325
NN-Like,rmm_importance,512,5,102,0.2,2.182230345792163,0.008870700024999678,81.53328349960884
NN-Like,rmm_uniform,512,6,3,0.005,12.657841320139127,0.003200999984983355,205.96120060238474
NN-Like,rmm_importance,512,6,3,0.005,12.975820599503555,0.00563889998011291,116.91673949893081
NN-Like,rmm_uniform,512,6,5,0.01,10.093569204328142,0.0032143000280484557,205.10897995905708
NN-Like,rmm_importance,512,6,5,0.01,10.051422308730219,0.0056164999841712415,117.38303247456867
NN-Like,rmm_uniform,512,6,10,0.02,7.022614192357264,0.0034771999926306307,189.6013463225094
NN-Like,rmm_importance,512,6,10,0.02,7.030525678105634,0.005524500040337443,119.33782156242279
NN-Like,rmm_uniform,512,6,26,0.05,4.505148569889648,0.0036927000037394464,178.53651782374945
NN-Like,rmm_importance,512,6,26,0.05,4.498969194323184,0.0063878000364638865,103.20952382228106
NN-Like,rmm_uniform,512,6,51,0.1,3.116532017851052,0.008248800004366785,79.92457080864779
NN-Like,rmm_importance,512,6,51,0.1,3.0529982067320325,0.006532000028528273,100.93107733557838
NN-Like,rmm_uniform,512,6,102,0.2,2.1709494484489307,0.004995100025553256,131.98570532376183
NN-Like,rmm_importance,512,6,102,0.2,2.272756435897242,0.007570599962491542,87.08448515332893
NN-Like,rmm_uniform,512,7,3,0.005,12.507219660040114,0.0032825000234879553,208.79299165936092
NN-Like,rmm_importance,512,7,3,0.005,12.954231120951212,0.0060139000415802,113.96315124750363
NN-Like,rmm_uniform,512,7,5,0.01,10.117022488563988,0.0027823999989777803,246.3208022849938
NN-Like,rmm_importance,512,7,5,0.01,11.901550407018105,0.0054355000029318035,126.09014803721851
NN-Like,rmm_uniform,512,7,10,0.02,6.951746000301566,0.0027139000012539327,252.53804477294926
NN-Like,rmm_importance,512,7,10,0.02,7.069701921002655,0.005750700016506016,119.17905612513282
NN-Like,rmm_uniform,512,7,26,0.05,4.912247452908428,0.003168200026266277,216.32567209895294
NN-Like,rmm_importance,512,7,26,0.05,4.473389343051578,0.006302399968262762,108.7463511483374
NN-Like,rmm_uniform,512,7,51,0.1,3.0695776708746303,0.004591599979903549,149.26452718565642
NN-Like,rmm_importance,512,7,51,0.1,3.124116093109198,0.007075800036545843,96.86014252609418
NN-Like,rmm_uniform,512,7,102,0.2,2.3116341170510313,0.004587700008414686,149.39141590969132
NN-Like,rmm_importance,512,7,102,0.2,2.2089364357016206,0.01187789998948574,57.70068788528719
NN-Like,rmm_uniform,512,8,3,0.005,13.384332121032914,0.0028597000055015087,178.40535685120676
NN-Like,rmm_importance,512,8,3,0.005,13.028242794748385,0.004698400036431849,108.58713519769803
NN-Like,rmm_uniform,512,8,5,0.01,10.006311911103225,0.001947099983226508,262.02342168555407
NN-Like,rmm_importance,512,8,5,0.01,10.091061057263978,0.004953099996782839,103.00333130772098
NN-Like,rmm_uniform,512,8,10,0.02,7.068100195688996,0.0028357999981381,179.9089499625739
NN-Like,rmm_importance,512,8,10,0.02,7.101478342863828,0.004088599991519004,124.782517494295
NN-Like,rmm_uniform,512,8,26,0.05,4.21696801763483,0.002813099999912083,181.3607052663749
NN-Like,rmm_importance,512,8,26,0.05,4.476821492155333,0.006900100037455559,73.93889903037228
NN-Like,rmm_uniform,512,8,51,0.1,3.063797782219216,0.0030119000002741814,169.39001956321624
NN-Like,rmm_importance,512,8,51,0.1,3.0092823843467826,0.006796000001486391,75.07148320443041
NN-Like,rmm_uniform,512,8,102,0.2,2.1715857252533586,0.005363600037526339,95.12003065094116
NN-Like,rmm_importance,512,8,102,0.2,2.3450311057530593,0.012495600036345422,40.82923576978607
NN-Like,rmm_uniform,512,9,3,0.005,12.430792353397198,0.00235730002168566,210.36974311835718
NN-Like,rmm_importance,512,9,3,0.005,12.959270110402075,0.004078800033312291,121.5810032276082
NN-Like,rmm_uniform,512,9,5,0.01,9.950226372359731,0.002685599960386753,184.6531900989062
NN-Like,rmm_importance,512,9,5,0.01,10.070504228233002,0.00386260001687333,128.38621598110265
NN-Like,rmm_uniform,512,9,10,0.02,7.164791378672679,0.0023887999705038965,207.5956991536229
NN-Like,rmm_importance,512,9,10,0.02,7.063049673094557,0.004250300000421703,116.6751993896214
NN-Like,rmm_uniform,512,9,26,0.05,4.255480196540377,0.002613399992696941,189.75457312340208
NN-Like,rmm_importance,512,9,26,0.05,4.299235695775202,0.004751300031784922,104.37240264715793
NN-Like,rmm_uniform,512,9,51,0.1,3.1732630698605293,0.003757000027690083,131.99483533669476
NN-Like,rmm_importance,512,9,51,0.1,3.12998264546764,0.006060899992007762,81.82029082625309
NN-Like,rmm_uniform,512,9,102,0.2,2.1841939327778057,0.0038782000192441046,127.86978432112078
NN-Like,rmm_importance,512,9,102,0.2,2.1896180512338637,0.010447399981785566,47.466795650543766
